,ID,Title,Year,Age,Rotten Tomatoes,Netflix,Hulu,Prime Video,Disney+,Type
5001,5002,Aparajito,1956,13+,68/100,0,0,1,0,0
5002,5003,Pulse,2001,18+,68/100,0,0,1,0,0
5003,5004,HyperNormalisation,2016,,68/100,0,0,1,0,0
5004,5005,Scoop,2006,13+,68/100,0,0,1,0,0
5005,5006,Dorian Gray,2009,18+,68/100,0,0,1,0,0
5006,5007,"Don't Worry, He Won't Get Far on Foot",2018,18+,68/100,0,0,1,0,0
5007,5008,Welcome to the Sticks,2008,,68/100,0,0,1,0,0
5008,5009,The Hunter,2011,18+,68/100,0,0,1,0,0
5009,5010,SlingShot,2014,,68/100,0,0,1,0,0
5010,5011,High Life,2018,18+,68/100,0,0,1,0,0
5011,5012,Aruvi,2017,,68/100,0,0,1,0,0
5012,5013,Priest,2011,13+,67/100,0,0,1,0,0
5013,5014,Shakuntala Devi,2020,,67/100,0,0,1,0,0
5014,5015,Pumping Iron,1977,7+,67/100,0,0,1,0,0
5015,5016,Splinter,2008,18+,67/100,0,0,1,0,0
5016,5017,Fathers and Daughters,2015,18+,67/100,0,0,1,0,0
5017,5018,Alan Partridge: Alpha Papa,2013,13+,67/100,0,0,1,0,0
5018,5019,Penguin Highway,2018,7+,67/100,0,0,1,0,0
5019,5020,Spun,2002,18+,67/100,0,0,1,0,0
5020,5021,Pataakha,2018,,67/100,0,0,1,0,0
5021,5022,Porky's,1981,18+,67/100,0,0,1,0,0
5022,5023,The Ultimate Gift,2007,7+,67/100,0,0,1,0,0
5023,5024,The Mexican,2001,18+,67/100,0,0,1,0,0
5024,5025,The Ruins,2008,18+,67/100,0,0,1,0,0
5025,5026,George Carlin: It's Bad for Ya!,2008,18+,67/100,0,0,1,0,0
5026,5027,And Then There Were None,1945,,67/100,0,0,1,0,0
5027,5028,Angela's Ashes,1999,18+,67/100,0,0,1,0,0
5028,5029,Lisa and the Devil,1973,18+,67/100,0,0,1,0,0
5029,5030,Premonition,2007,13+,67/100,0,0,1,0,0
5030,5031,Stories We Tell,2012,13+,67/100,0,0,1,0,0
5031,5032,Bad Samaritan,2018,18+,67/100,0,0,1,0,0
5032,5033,Carriers,2009,13+,67/100,0,0,1,0,0
5033,5034,"Jeff, Who Lives at Home",2011,18+,67/100,0,0,1,0,0
5034,5035,22 Bullets,2010,,67/100,0,0,1,0,0
5035,5036,House on Haunted Hill,1959,,67/100,0,0,1,0,0
5036,5037,Jolt,2021,18+,67/100,0,0,1,0,0
5037,5038,Wiener-Dog,2016,18+,67/100,0,0,1,0,0
5038,5039,Mohabbatein,2000,7+,67/100,0,0,1,0,0
5039,5040,Riding in Cars with Boys,2001,13+,67/100,0,0,1,0,0
5040,5041,Lake Mungo,2009,18+,67/100,0,0,1,0,0
5041,5042,Arbitrage,2012,18+,67/100,0,0,1,0,0
5042,5043,Anbe Sivam,2003,,67/100,0,0,1,0,0
5043,5044,Last Flag Flying,2017,18+,67/100,0,0,1,0,0
5044,5045,Louisiana Story,1948,,67/100,0,0,1,0,0
5045,5046,Macbeth,2015,18+,67/100,0,0,1,0,0
5046,5047,The Goldfinch,2019,18+,67/100,0,0,1,0,0
5047,5048,The Man Who Fell to Earth,1976,18+,67/100,0,0,1,0,0
5048,5049,The Phantom of the Opera,1925,,67/100,0,0,1,0,0
5049,5050,The Bishop's Wife,1947,,67/100,0,0,1,0,0
5050,5051,Absolutely Anything,2015,18+,67/100,0,0,1,0,0
5051,5052,The Parallax View,1974,18+,67/100,0,0,1,0,0
5052,5053,Wuthering Heights,1939,,67/100,0,0,1,0,0
5053,5054,Explorers,1985,7+,67/100,0,0,1,0,0
5054,5055,The Taking of Deborah Logan,2014,18+,66/100,0,0,1,0,0
5055,5056,Two for the Money,2005,18+,66/100,0,0,1,0,0
5056,5057,The Silencing,2020,18+,66/100,0,0,1,0,0
5057,5058,Mystic India,2005,,66/100,0,0,1,0,0
5058,5059,Why We Fight,2005,13+,66/100,0,0,1,0,0
5059,5060,Johnny Guitar,1954,,66/100,0,0,1,0,0
5060,5061,Shuddh Desi Romance,2013,,66/100,0,0,1,0,0
5061,5062,Fahrenheit 11/9,2018,18+,66/100,0,0,1,0,0
5062,5063,Deuce Bigalow: Male Gigolo,1999,18+,66/100,0,0,1,0,0
5063,5064,Birdy,1984,18+,66/100,0,0,1,0,0
5064,5065,How I Live Now,2013,18+,66/100,0,0,1,0,0
5065,5066,Elmer Gantry,1960,,66/100,0,0,1,0,0
5066,5067,Absence of Malice,1981,7+,66/100,0,0,1,0,0
5067,5068,Lake Tahoe,2008,,66/100,0,0,1,0,0
5068,5069,Detour,1945,,66/100,0,0,1,0,0
5069,5070,The Court Jester,1955,,66/100,0,0,1,0,0
5070,5071,White Lies,2013,,66/100,0,0,1,0,0
5071,5072,Rudderless,2014,18+,66/100,0,0,1,0,0
5072,5073,Out in the Dark,2012,,66/100,0,0,1,0,0
5073,5074,School Ties,1992,13+,66/100,0,0,1,0,0
5074,5075,To End All Wars,2001,18+,66/100,0,0,1,0,0
5075,5076,Repo! The Genetic Opera,2008,18+,66/100,0,0,1,0,0
5076,5077,You're Not You,2014,18+,66/100,0,0,1,0,0
5077,5078,After Porn Ends 2,2017,18+,66/100,0,0,1,0,0
5078,5079,Words on Bathroom Walls,2020,13+,66/100,0,0,1,0,0
5079,5080,Guys and Dolls,1955,,66/100,0,0,1,0,0
5080,5081,Grease Live,2016,13+,66/100,0,0,1,0,0
5081,5082,The Little Foxes,1941,,66/100,0,0,1,0,0
5082,5083,Brigham City,2001,13+,66/100,0,0,1,0,0
5083,5084,Happythankyoumoreplease,2011,18+,66/100,0,0,1,0,0
5084,5085,JCVD,2008,18+,66/100,0,0,1,0,0
5085,5086,How High,2001,18+,66/100,0,0,1,0,0
5086,5087,Bill Frisell: A Portrait,2017,18+,66/100,0,0,1,0,0
5087,5088,Bad Boys,1983,18+,66/100,0,0,1,0,0
5088,5089,Aaja Nachle,2007,all,66/100,0,0,1,0,0
5089,5090,The Souvenir,2019,18+,66/100,0,0,1,0,0
5090,5091,The Two Faces of Dr. Jekyll,1960,,66/100,0,0,1,0,0
5091,5092,Anna,2013,18+,66/100,0,0,1,0,0
5092,5093,Take This Waltz,2011,18+,66/100,0,0,1,0,0
5093,5094,Things We Lost in the Fire,2007,18+,66/100,0,0,1,0,0
5094,5095,The Warlords,2007,18+,66/100,0,0,1,0,0
5095,5096,The Blackout,2019,18+,66/100,0,0,1,0,0
5096,5097,Jesse Stone: Stone Cold,2005,18+,65/100,0,0,1,0,0
5097,5098,The Joneses,2010,18+,65/100,0,0,1,0,0
5098,5099,Light of My Life,2019,18+,65/100,0,0,1,0,0
5099,5100,The Little Girl Who Lives Down the Lane,1976,7+,65/100,0,0,1,0,0
5100,5101,Dragonslayer,1981,7+,65/100,0,0,1,0,0
5101,5102,Barbarella,1968,7+,65/100,0,0,1,0,0
5102,5103,Fanaa,2006,7+,65/100,0,0,1,0,0
5103,5104,Ondine,2009,13+,65/100,0,0,1,0,0
5104,5105,Hum Tum,2004,7+,65/100,0,0,1,0,0
5105,5106,The Pride of the Yankees,1942,,65/100,0,0,1,0,0
5106,5107,Love & Friendship,2016,13+,65/100,0,0,1,0,0
5107,5108,Ramona and Beezus,2010,all,65/100,0,0,1,0,0
5108,5109,Maquia: When the Promised Flower Blooms,2018,,65/100,0,0,1,0,0
5109,5110,Monsieur Lazhar,2011,13+,65/100,0,0,1,0,0
5110,5111,Hell House LLC,2015,18+,65/100,0,0,1,0,0
5111,5112,Nightjohn,1996,13+,65/100,0,0,1,0,0
5112,5113,Arjun Reddy,2017,18+,65/100,0,0,1,0,0
5113,5114,Pass Over,2018,,65/100,0,0,1,0,0
5114,5115,Another 48 Hrs.,1990,18+,65/100,0,0,1,0,0
5115,5116,6 Days,2017,18+,65/100,0,0,1,0,0
5116,5117,Valley Uprising,2014,,65/100,0,0,1,0,0
5117,5118,Barefoot in the Park,1967,all,65/100,0,0,1,0,0
5118,5119,Seberg,2019,18+,65/100,0,0,1,0,0
5119,5120,George Carlin: You Are All Diseased,1999,18+,65/100,0,0,1,0,0
5120,5121,Hindi Medium,2017,,65/100,0,0,1,0,0
5121,5122,Wonder Wheel,2017,13+,65/100,0,0,1,0,0
5122,5123,This Beautiful Fantastic,2016,7+,65/100,0,0,1,0,0
5123,5124,Night Hunter,2019,18+,65/100,0,0,1,0,0
5124,5125,The Endless Summer,1966,7+,65/100,0,0,1,0,0
5125,5126,Gringo,2018,18+,65/100,0,0,1,0,0
5126,5127,Jay and Silent Bob Reboot,2019,18+,65/100,0,0,1,0,0
5127,5128,Evil Eye,2020,,65/100,0,0,1,0,0
5128,5129,Kabali,2016,18+,65/100,0,0,1,0,0
5129,5130,Brad's Status,2017,18+,65/100,0,0,1,0,0
5130,5131,Radioactive,2020,13+,65/100,0,0,1,0,0
5131,5132,I'm Your Woman,2020,18+,65/100,0,0,1,0,0
5132,5133,Beyond the Black Rainbow,2010,18+,65/100,0,0,1,0,0
5133,5134,Starbuck,2011,18+,65/100,0,0,1,0,0
5134,5135,T-34,2018,16+,65/100,0,0,1,0,0
5135,5136,Reservation Road,2007,18+,65/100,0,0,1,0,0
5136,5137,Beast,2018,18+,65/100,0,0,1,0,0
5137,5138,Dil To Pagal Hai,1997,all,65/100,0,0,1,0,0
5138,5139,Virus,2019,,65/100,0,0,1,0,0
5139,5140,The Most Dangerous Game,1932,13+,65/100,0,0,1,0,0
5140,5141,Who Killed the Electric Car?,2006,7+,65/100,0,0,1,0,0
5141,5142,Come to Daddy,2020,18+,65/100,0,0,1,0,0
5142,5143,Ta Ra Rum Pum,2007,all,65/100,0,0,1,0,0
5143,5144,Children of a Lesser God,1986,18+,65/100,0,0,1,0,0
5144,5145,That Sugar Film,2014,7+,65/100,0,0,1,0,0
5145,5146,The Woman,2011,18+,65/100,0,0,1,0,0
5146,5147,The Babysitters,2008,18+,65/100,0,0,1,0,0
5147,5148,The Program,2015,13+,65/100,0,0,1,0,0
5148,5149,A Mighty Heart,2007,18+,65/100,0,0,1,0,0
5149,5150,The Night Eats the World,2018,16+,65/100,0,0,1,0,0
5150,5151,The Tall Man,2012,18+,65/100,0,0,1,0,0
5151,5152,Padmaavat,2018,,65/100,0,0,1,0,0
5152,5153,OtherLife,2017,18+,65/100,0,0,1,0,0
5153,5154,The Final Cut,2004,13+,65/100,0,0,1,0,0
5154,5155,Nick of Time,1995,18+,65/100,0,0,1,0,0
5155,5156,Rio Grande,1950,,65/100,0,0,1,0,0
5156,5157,Big Bad Wolves,2013,,65/100,0,0,1,0,0
5157,5158,I Spy,2002,13+,65/100,0,0,1,0,0
5158,5159,Hard Rain,1998,18+,64/100,0,0,1,0,0
5159,5160,Agent Sai Srinivasa Athreya,2019,,64/100,0,0,1,0,0
5160,5161,Dead & Buried,1981,18+,64/100,0,0,1,0,0
5161,5162,The King's Choice,2016,,64/100,0,0,1,0,0
5162,5163,We Are Still Here,2015,,64/100,0,0,1,0,0
5163,5164,The Brass Teapot,2012,18+,64/100,0,0,1,0,0
5164,5165,Bottle Shock,2008,13+,64/100,0,0,1,0,0
5165,5166,Troop Zero,2019,7+,64/100,0,0,1,0,0
5166,5167,02:22,2017,13+,64/100,0,0,1,0,0
5167,5168,Money Train,1995,18+,64/100,0,0,1,0,0
5168,5169,Trees Lounge,1996,18+,64/100,0,0,1,0,0
5169,5170,Guava Island,2019,18+,64/100,0,0,1,0,0
5170,5171,Better Luck Tomorrow,2002,18+,64/100,0,0,1,0,0
5171,5172,1492: Conquest of Paradise,1992,13+,64/100,0,0,1,0,0
5172,5173,Teeth,2008,18+,64/100,0,0,1,0,0
5173,5174,White Bird in a Blizzard,2014,18+,64/100,0,0,1,0,0
5174,5175,The Barkley Marathons: The Race That Eats Its Young,2014,,64/100,0,0,1,0,0
5175,5176,The Secret: Dare to Dream,2020,7+,64/100,0,0,1,0,0
5176,5177,My Bloody Valentine,1981,18+,64/100,0,0,1,0,0
5177,5178,Chemical Hearts,2020,18+,64/100,0,0,1,0,0
5178,5179,Creepshow 2,1987,18+,64/100,0,0,1,0,0
5179,5180,George Carlin: Life Is Worth Losing,2005,18+,64/100,0,0,1,0,0
5180,5181,24 Hours to Live,2017,18+,64/100,0,0,1,0,0
5181,5182,Meet John Doe,1941,,64/100,0,0,1,0,0
5182,5183,Piranha,1978,18+,64/100,0,0,1,0,0
5183,5184,The Kentucky Fried Movie,1977,18+,64/100,0,0,1,0,0
5184,5185,Hobo with a Shotgun,2011,18+,64/100,0,0,1,0,0
5185,5186,Cul-de-sac,1966,,64/100,0,0,1,0,0
5186,5187,Hondo,1953,7+,64/100,0,0,1,0,0
5187,5188,Wolf Creek 2,2013,,64/100,0,0,1,0,0
5188,5189,Regression,2015,18+,64/100,0,0,1,0,0
5189,5190,The Dark Valley,2014,,64/100,0,0,1,0,0
5190,5191,The Little Shop of Horrors,1960,,64/100,0,0,1,0,0
5191,5192,Detective Byomkesh Bakshy!,2015,18+,64/100,0,0,1,0,0
5192,5193,Sands of Iwo Jima,1950,,64/100,0,0,1,0,0
5193,5194,Space Pirate Captain Harlock,2013,13+,64/100,0,0,1,0,0
5194,5195,Warlock,1989,18+,64/100,0,0,1,0,0
5195,5196,9th Company,2005,18+,64/100,0,0,1,0,0
5196,5197,10 Rillington Place,1971,7+,64/100,0,0,1,0,0
5197,5198,Extracted,2012,18+,64/100,0,0,1,0,0
5198,5199,The Grand Seduction,2013,13+,64/100,0,0,1,0,0
5199,5200,The Double,2011,13+,64/100,0,0,1,0,0
5200,5201,Marauders,2016,18+,64/100,0,0,1,0,0
5201,5202,After the Dark,2013,18+,64/100,0,0,1,0,0
5202,5203,Carnal Knowledge,1971,18+,64/100,0,0,1,0,0
5203,5204,Same Kind of Different as Me,2017,13+,64/100,0,0,1,0,0
5204,5205,I Give It a Year,2013,18+,64/100,0,0,1,0,0
5205,5206,Last Shift,2014,18+,64/100,0,0,1,0,0
5206,5207,Look Away,2018,18+,64/100,0,0,1,0,0
5207,5208,The Transporter Refueled,2015,13+,64/100,0,0,1,0,0
5208,5209,Blue Thunder,1983,18+,64/100,0,0,1,0,0
5209,5210,The Attorney,2013,,64/100,0,0,1,0,0
5210,5211,The Beastmaster,1982,7+,64/100,0,0,1,0,0
5211,5212,Mortal,2020,18+,64/100,0,0,1,0,0
5212,5213,Spread,2009,18+,64/100,0,0,1,0,0
5213,5214,The Nutty Professor,1963,,64/100,0,0,1,0,0
5214,5215,Kesari,2019,,64/100,0,0,1,0,0
5215,5216,Tom Petty and the Heartbreakers: Runnin' Down a Dream,2007,,64/100,0,0,1,0,0
5216,5217,Desert Bloom,1986,7+,63/100,0,0,1,0,0
5217,5218,The Secret of Roan Inish,1994,7+,63/100,0,0,1,0,0
5218,5219,Convoy,1978,7+,63/100,0,0,1,0,0
5219,5220,One Step Behind the Seraphim,2017,13+,63/100,0,0,1,0,0
5220,5221,Ladies vs Ricky Bahl,2011,,63/100,0,0,1,0,0
5221,5222,100 Girls,2000,18+,63/100,0,0,1,0,0
5222,5223,Karwaan,2018,,63/100,0,0,1,0,0
5223,5224,Blind Fury,1989,18+,63/100,0,0,1,0,0
5224,5225,Fat City,1972,7+,63/100,0,0,1,0,0
5225,5226,Arkansas,2020,18+,63/100,0,0,1,0,0
5226,5227,The Man with the Golden Arm,1955,,63/100,0,0,1,0,0
5227,5228,USS Indianapolis: Men of Courage,2016,18+,63/100,0,0,1,0,0
5228,5229,The Beast of War,1988,18+,63/100,0,0,1,0,0
5229,5230,Black Butterfly,2017,18+,63/100,0,0,1,0,0
5230,5231,Kansas City Confidential,1952,,63/100,0,0,1,0,0
5231,5232,The Story of Adele H.,1975,7+,63/100,0,0,1,0,0
5232,5233,Gleason,2016,18+,63/100,0,0,1,0,0
5233,5234,Bob Roberts,1992,18+,63/100,0,0,1,0,0
5234,5235,Drug War,2012,18+,63/100,0,0,1,0,0
5235,5236,47 Meters Down: Uncaged,2019,13+,63/100,0,0,1,0,0
5236,5237,Leatherheads,2008,13+,63/100,0,0,1,0,0
5237,5238,Butter,2012,18+,63/100,0,0,1,0,0
5238,5239,I.Q.,1994,7+,63/100,0,0,1,0,0
5239,5240,Bachna Ae Haseeno,2008,7+,63/100,0,0,1,0,0
5240,5241,Any Day Now,2012,18+,63/100,0,0,1,0,0
5241,5242,The Front,1976,7+,63/100,0,0,1,0,0
5242,5243,The Messengers,2007,13+,63/100,0,0,1,0,0
5243,5244,A Girl Like Her,2015,13+,63/100,0,0,1,0,0
5244,5245,The Strange Love of Martha Ivers,1946,,63/100,0,0,1,0,0
5245,5246,Gloria Bell,2019,18+,63/100,0,0,1,0,0
5246,5247,Soapdish,1991,13+,63/100,0,0,1,0,0
5247,5248,When a Stranger Calls,1979,16+,63/100,0,0,1,0,0
5248,5249,Frances,1982,18+,63/100,0,0,1,0,0
5249,5250,Hatred,2016,,63/100,0,0,1,0,0
5250,5251,Stella Dallas,1937,,63/100,0,0,1,0,0
5251,5252,Beneath Hill 60,2010,18+,63/100,0,0,1,0,0
5252,5253,The Animal,2001,13+,63/100,0,0,1,0,0
5253,5254,Mikey and Nicky,1976,18+,63/100,0,0,1,0,0
5254,5255,10 Items or Less,2006,18+,63/100,0,0,1,0,0
5255,5256,The Stuff,1985,18+,63/100,0,0,1,0,0
5256,5257,Reefer Madness: The Movie Musical,2006,18+,63/100,0,0,1,0,0
5257,5258,Cold Skin,2017,16+,63/100,0,0,1,0,0
5258,5259,April Fool's Day,1986,18+,63/100,0,0,1,0,0
5259,5260,Just Friends,2018,,63/100,0,0,1,0,0
5260,5261,Hatchet,2006,18+,63/100,0,0,1,0,0
5261,5262,In the Electric Mist,2009,18+,63/100,0,0,1,0,0
5262,5263,Bill Cunningham New York,2011,,63/100,0,0,1,0,0
5263,5264,Kill Me Three Times,2015,18+,63/100,0,0,1,0,0
5264,5265,Wishmaster,1997,18+,63/100,0,0,1,0,0
5265,5266,Dhoom 2,2006,13+,63/100,0,0,1,0,0
5266,5267,Mardaani,2014,13+,63/100,0,0,1,0,0
5267,5268,Wonderstruck,2017,7+,63/100,0,0,1,0,0
5268,5269,Split Second,1992,18+,63/100,0,0,1,0,0
5269,5270,The Perfect Score,2004,13+,63/100,0,0,1,0,0
5270,5271,Under the Boardwalk: The Monopoly Story,2011,all,63/100,0,0,1,0,0
5271,5272,The Only Living Boy in New York,2017,18+,63/100,0,0,1,0,0
5272,5273,Thoda Pyaar Thoda Magic,2008,,63/100,0,0,1,0,0
5273,5274,Dante's Inferno: An Animated Epic,2010,18+,62/100,0,0,1,0,0
5274,5275,The Vanishing,2019,18+,62/100,0,0,1,0,0
5275,5276,LOL,2012,13+,62/100,0,0,1,0,0
5276,5277,Georgia Rule,2007,18+,62/100,0,0,1,0,0
5277,5278,Infinity Chamber,2016,,62/100,0,0,1,0,0
5278,5279,Ninnu Kori,2017,,62/100,0,0,1,0,0
5279,5280,Manhattan Night,2016,18+,62/100,0,0,1,0,0
5280,5281,Journey's End,2017,18+,62/100,0,0,1,0,0
5281,5282,Broken Blossoms,1919,13+,62/100,0,0,1,0,0
5282,5283,Jab Tak Hai Jaan,2012,,62/100,0,0,1,0,0
5283,5284,Beowulf & Grendel,2005,18+,62/100,0,0,1,0,0
5284,5285,Dead End,1937,,62/100,0,0,1,0,0
5285,5286,Ash Is Purest White,2018,,62/100,0,0,1,0,0
5286,5287,Phase IV,1974,7+,62/100,0,0,1,0,0
5287,5288,The Assignment,1997,18+,62/100,0,0,1,0,0
5288,5289,The Naked Kiss,1964,,62/100,0,0,1,0,0
5289,5290,Pet,2016,18+,62/100,0,0,1,0,0
5290,5291,Bharat Ane Nenu,2018,7+,62/100,0,0,1,0,0
5291,5292,Ashby,2015,18+,62/100,0,0,1,0,0
5292,5293,Diary of a Mad Black Woman,2005,13+,62/100,0,0,1,0,0
5293,5294,Janis: Little Girl Blue,2015,18+,62/100,0,0,1,0,0
5294,5295,Goodachari,2018,,62/100,0,0,1,0,0
5295,5296,Mario,2018,,62/100,0,0,1,0,0
5296,5297,The Hitch-Hiker,1953,,62/100,0,0,1,0,0
5297,5298,Fritz the Cat,1972,18+,62/100,0,0,1,0,0
5298,5299,Daawat-e-Ishq,2014,7+,62/100,0,0,1,0,0
5299,5300,Orphans,1998,,62/100,0,0,1,0,0
5300,5301,Mondays in the Sun,2002,18+,62/100,0,0,1,0,0
5301,5302,The Greatest Show on Earth,1952,,62/100,0,0,1,0,0
5302,5303,Billionaire Boys Club,2018,18+,62/100,0,0,1,0,0
5303,5304,Little Nemo: Adventures in Slumberland,1989,all,62/100,0,0,1,0,0
5304,5305,Remo Williams: The Adventure Begins,1985,13+,62/100,0,0,1,0,0
5305,5306,Gimme Danger,2016,18+,62/100,0,0,1,0,0
5306,5307,Elvis & Nixon,2016,18+,62/100,0,0,1,0,0
5307,5308,Texas Chainsaw 3D,2013,18+,62/100,0,0,1,0,0
5308,5309,The Reef,2010,18+,62/100,0,0,1,0,0
5309,5310,The Gambler,1974,18+,62/100,0,0,1,0,0
5310,5311,Hired Gun,2017,,62/100,0,0,1,0,0
5311,5312,Ladies in Lavender,2004,13+,62/100,0,0,1,0,0
5312,5313,Boy Meets Girl,2015,18+,62/100,0,0,1,0,0
5313,5314,I Wish,2011,7+,62/100,0,0,1,0,0
5314,5315,360,2012,18+,62/100,0,0,1,0,0
5315,5316,The Gruffalo's Child,2011,,62/100,0,0,1,0,0
5316,5317,Motel Hell,1980,18+,62/100,0,0,1,0,0
5317,5318,Bandslam,2009,7+,62/100,0,0,1,0,0
5318,5319,Tab Hunter Confidential,2015,,62/100,0,0,1,0,0
5319,5320,Powder Blue,2009,18+,62/100,0,0,1,0,0
5320,5321,Tumbledown,2015,18+,62/100,0,0,1,0,0
5321,5322,Deuce Bigalow: European Gigolo,2005,18+,62/100,0,0,1,0,0
5322,5323,Donovan's Reef,1963,all,62/100,0,0,1,0,0
5323,5324,Mao's Last Dancer,2009,7+,62/100,0,0,1,0,0
5324,5325,He Walked by Night,1949,,61/100,0,0,1,0,0
5325,5326,The Two Jakes,1990,18+,61/100,0,0,1,0,0
5326,5327,Assault on Wall Street,2013,18+,61/100,0,0,1,0,0
5327,5328,Herself,2020,18+,61/100,0,0,1,0,0
5328,5329,Bleeding Steel,2017,18+,61/100,0,0,1,0,0
5329,5330,Gett: The Trial of Viviane Amsalem,2014,,61/100,0,0,1,0,0
5330,5331,Little Man,2006,13+,61/100,0,0,1,0,0
5331,5332,Home for the Holidays,1995,13+,61/100,0,0,1,0,0
5332,5333,Afternoon Delight,2013,18+,61/100,0,0,1,0,0
5333,5334,Jathi Ratnalu,2021,,61/100,0,0,1,0,0
5334,5335,Knights of Badassdom,2013,18+,61/100,0,0,1,0,0
5335,5336,Daniel Isn't Real,2019,,61/100,0,0,1,0,0
5336,5337,Sunday Bloody Sunday,1971,18+,61/100,0,0,1,0,0
5337,5338,Jallikattu,2019,,61/100,0,0,1,0,0
5338,5339,Careful What You Wish For,2015,18+,61/100,0,0,1,0,0
5339,5340,Gold,2018,,61/100,0,0,1,0,0
5340,5341,The Family Fang,2016,18+,61/100,0,0,1,0,0
5341,5342,The Offence,1973,18+,61/100,0,0,1,0,0
5342,5343,Interview,2007,18+,61/100,0,0,1,0,0
5343,5344,The Band's Visit,2007,13+,61/100,0,0,1,0,0
5344,5345,Mystery Road,2013,,61/100,0,0,1,0,0
5345,5346,Final Score,2018,18+,61/100,0,0,1,0,0
5346,5347,Diggstown,1992,18+,61/100,0,0,1,0,0
5347,5348,Big Eden,2000,13+,61/100,0,0,1,0,0
5348,5349,Of Human Bondage,1934,,61/100,0,0,1,0,0
5349,5350,Horsemen,2009,18+,61/100,0,0,1,0,0
5350,5351,Judas Kiss,1998,18+,61/100,0,0,1,0,0
5351,5352,Target Number One,2020,18+,61/100,0,0,1,0,0
5352,5353,Mad Money,2008,13+,61/100,0,0,1,0,0
5353,5354,Blame It on Fidel!,2006,,61/100,0,0,1,0,0
5354,5355,Band Baaja Baaraat,2010,7+,61/100,0,0,1,0,0
5355,5356,Atlas Shrugged: Part I,2011,13+,61/100,0,0,1,0,0
5356,5357,The Bang Bang Club,2010,18+,61/100,0,0,1,0,0
5357,5358,What Have You Done to Solange?,1972,18+,61/100,0,0,1,0,0
5358,5359,Standing in the Shadows of Motown,2002,7+,61/100,0,0,1,0,0
5359,5360,Hyena Road,2015,18+,61/100,0,0,1,0,0
5360,5361,HIT: The First Case,2020,,61/100,0,0,1,0,0
5361,5362,Necessary Roughness,1991,13+,61/100,0,0,1,0,0
5362,5363,Stomp the Yard,2007,13+,61/100,0,0,1,0,0
5363,5364,The Winslow Boy,1999,all,61/100,0,0,1,0,0
5364,5365,I'll Follow You Down,2013,13+,61/100,0,0,1,0,0
5365,5366,The Wild Geese,1978,18+,61/100,0,0,1,0,0
5366,5367,King of Thieves,2018,18+,61/100,0,0,1,0,0
5367,5368,White Zombie,1932,,61/100,0,0,1,0,0
5368,5369,The Possession of Michael King,2014,18+,61/100,0,0,1,0,0
5369,5370,Heartburn,1986,18+,61/100,0,0,1,0,0
5370,5371,Factory Girl,2006,18+,61/100,0,0,1,0,0
5371,5372,The Resurrection of Jake The Snake,2015,,61/100,0,0,1,0,0
5372,5373,Love Mocktail,2020,,61/100,0,0,1,0,0
5373,5374,Love Liza,2002,18+,61/100,0,0,1,0,0
5374,5375,The Original Kings of Comedy,2000,18+,61/100,0,0,1,0,0
5375,5376,The Ones Below,2016,18+,61/100,0,0,1,0,0
5376,5377,Black Box,2020,16+,61/100,0,0,1,0,0
5377,5378,The Kill Team,2019,18+,61/100,0,0,1,0,0
5378,5379,Cool World,1992,13+,61/100,0,0,1,0,0
5379,5380,Do You Remember Dolly Bell?,1981,,61/100,0,0,1,0,0
5380,5381,Blackbird,2019,18+,61/100,0,0,1,0,0
5381,5382,Goldstone,2016,18+,61/100,0,0,1,0,0
5382,5383,Penny Serenade,1941,,61/100,0,0,1,0,0
5383,5384,Jeffrey,1995,18+,61/100,0,0,1,0,0
5384,5385,Never Surrender: A Galaxy Quest Documentary,2019,13+,61/100,0,0,1,0,0
5385,5386,Life with Father,1947,,61/100,0,0,1,0,0
5386,5387,Hunting and Gathering,2007,,61/100,0,0,1,0,0
5387,5388,2 Days in New York,2012,18+,61/100,0,0,1,0,0
5388,5389,Right at Your Door,2006,18+,61/100,0,0,1,0,0
5389,5390,Passion Fish,1992,18+,61/100,0,0,1,0,0
5390,5391,The Lords of Salem,2012,18+,61/100,0,0,1,0,0
5391,5392,Serena,2014,18+,61/100,0,0,1,0,0
5392,5393,The Healer,2017,18+,61/100,0,0,1,0,0
5393,5394,House of Hummingbird,2019,,60/100,0,0,1,0,0
5394,5395,Super Size Me 2: Holy Chicken!,2019,13+,60/100,0,0,1,0,0
5395,5396,Kaala Patthar,1979,all,60/100,0,0,1,0,0
5396,5397,God of Love,2010,,60/100,0,0,1,0,0
5397,5398,Dead Man on Campus,1998,18+,60/100,0,0,1,0,0
5398,5399,The Opposite of Sex,1998,18+,60/100,0,0,1,0,0
5399,5400,A Fantastic Fear of Everything,2012,18+,60/100,0,0,1,0,0
5400,5401,Suddenly,1954,,60/100,0,0,1,0,0
5401,5402,Clockwatchers,1997,13+,60/100,0,0,1,0,0
5402,5403,Pay the Ghost,2015,,60/100,0,0,1,0,0
5403,5404,Battles Without Honor and Humanity: Deadly Fight in Hiroshima,1973,,60/100,0,0,1,0,0
5404,5405,The Phantom,1996,7+,60/100,0,0,1,0,0
5405,5406,Jasper Mall,2020,,60/100,0,0,1,0,0
5406,5407,The Little Princess,1939,all,60/100,0,0,1,0,0
5407,5408,Candyman: Farewell to the Flesh,1995,18+,60/100,0,0,1,0,0
5408,5409,Borderland,2007,18+,60/100,0,0,1,0,0
5409,5410,Merantau,2009,18+,60/100,0,0,1,0,0
5410,5411,Zakir Khan : Haq Se Single,2017,,60/100,0,0,1,0,0
5411,5412,Tracers,2015,13+,60/100,0,0,1,0,0
5412,5413,Maidentrip,2014,,60/100,0,0,1,0,0
5413,5414,Monsters of Man,2020,18+,60/100,0,0,1,0,0
5414,5415,Imagine That,2009,7+,60/100,0,0,1,0,0
5415,5416,Tabu,1931,13+,60/100,0,0,1,0,0
5416,5417,Dil Bole Hadippa!,2009,13+,60/100,0,0,1,0,0
5417,5418,Babes in Toyland,1934,,60/100,0,0,1,1,0
5418,5419,The Answer Man,2009,18+,60/100,0,0,1,0,0
5419,5420,Silsila,1981,7+,60/100,0,0,1,0,0
5420,5421,Ooops! Noah is Gone...,2015,all,60/100,0,0,1,0,0
5421,5422,Stick Man,2015,all,60/100,0,0,1,0,0
5422,5423,Operation Avalanche,2016,18+,60/100,0,0,1,0,0
5423,5424,A Vigilante,2019,18+,60/100,0,0,1,0,0
5424,5425,Saathiya,2002,,60/100,0,0,1,0,0
5425,5426,Stander,2004,18+,60/100,0,0,1,0,0
5426,5427,In Secret,2013,18+,60/100,0,0,1,0,0
5427,5428,Dhamaal,2007,18+,60/100,0,0,1,0,0
5428,5429,The Extraordinary Journey of the Fakir,2018,all,60/100,0,0,1,0,0
5429,5430,Wish Upon a Star,1996,7+,60/100,0,0,1,0,0
5430,5431,Did You Hear About the Morgans?,2009,13+,60/100,0,0,1,0,0
5431,5432,The Last King,2016,18+,60/100,0,0,1,0,0
5432,5433,I'll See You in My Dreams,2015,13+,60/100,0,0,1,0,0
5433,5434,My Best Friend,2018,,60/100,0,0,1,0,0
5434,5435,Mia and the White Lion,2018,7+,60/100,0,0,1,0,0
5435,5436,Status Update,2018,13+,60/100,0,0,1,0,0
5436,5437,School Daze,1988,18+,60/100,0,0,1,0,0
5437,5438,The Perfect Game,2010,7+,60/100,0,0,1,0,0
5438,5439,Operator,2016,,60/100,0,0,1,0,0
5439,5440,The Delta Force,1986,18+,60/100,0,0,1,0,0
5440,5441,Black Robe,1991,18+,60/100,0,0,1,0,0
5441,5442,The Fare,2019,,60/100,0,0,1,0,0
5442,5443,Bigil,2019,,60/100,0,0,1,0,0
5443,5444,Stay Tuned,1992,7+,60/100,0,0,1,0,0
5444,5445,The Baytown Outlaws,2012,18+,60/100,0,0,1,0,0
5445,5446,...And God Created Woman,1956,7+,60/100,0,0,1,0,0
5446,5447,Sufna,2020,,60/100,0,0,1,0,0
5447,5448,Belle and Sebastian,2013,,60/100,0,0,1,0,0
5448,5449,Fever Pitch,1997,18+,60/100,0,0,1,0,0
5449,5450,Beyond Re-Animator,2003,18+,60/100,0,0,1,0,0
5450,5451,The Accidental Husband,2008,13+,60/100,0,0,1,0,0
5451,5452,The Comedy of Terrors,1964,,60/100,0,0,1,0,0
5452,5453,Proof,1991,18+,60/100,0,0,1,0,0
5453,5454,Jimmy O. Yang: Good Deal,2020,18+,60/100,0,0,1,0,0
5454,5455,Oddball,2015,7+,60/100,0,0,1,0,0
5455,5456,Jawaani Jaaneman,2020,,60/100,0,0,1,0,0
5456,5457,Shivaay,2016,13+,60/100,0,0,1,0,0
5457,5458,Back Roads,2019,,60/100,0,0,1,0,0
5458,5459,The Count of Monte-Cristo,1975,,60/100,0,0,1,0,0
5459,5460,C.H.U.D.,1984,18+,60/100,0,0,1,0,0
5460,5461,Filmage: The Story of Descendents/All,2013,,60/100,0,0,1,0,0
5461,5462,So Undercover,2012,13+,60/100,0,0,1,0,0
5462,5463,Outpost,2008,18+,60/100,0,0,1,0,0
5463,5464,Home Sweet Hell,2015,18+,60/100,0,0,1,0,0
5464,5465,Woman on the Run,1950,7+,60/100,0,0,1,0,0
5465,5466,Surviving Christmas,2004,13+,60/100,0,0,1,0,0
5466,5467,Siberia,2018,16+,60/100,0,0,1,0,0
5467,5468,More than a Game,2008,7+,60/100,0,0,1,0,0
5468,5469,Chi-Raq,2015,18+,60/100,0,0,1,0,0
5469,5470,Female Agents,2008,18+,60/100,0,0,1,0,0
5470,5471,#UNFIT: The Psychology of Donald Trump,2020,,60/100,0,0,1,0,0
5471,5472,I Am Dragon,2015,,60/100,0,0,1,0,0
5472,5473,The Shooting,1966,all,60/100,0,0,1,0,0
5473,5474,"Bon Voyage, Charlie Brown (and Don't Come Back!)",1980,all,60/100,0,0,1,0,0
5474,5475,Salt of the Earth,1954,,60/100,0,0,1,0,0
5475,5476,Cyrano de Bergerac,1950,,60/100,0,0,1,0,0
5476,5477,The Long Walk Home,1990,7+,60/100,0,0,1,0,0
5477,5478,Peterloo,2018,13+,60/100,0,0,1,0,0
5478,5479,Cromwell,1970,all,60/100,0,0,1,0,0
5479,5480,Heal,2017,,60/100,0,0,1,0,0
5480,5481,The Confirmation,2016,13+,59/100,0,0,1,0,0
5481,5482,Bang the Drum Slowly,1973,7+,59/100,0,0,1,0,0
5482,5483,Storm Boy,2019,7+,59/100,0,0,1,0,0
5483,5484,Technotise: Edit and I,2009,13+,59/100,0,0,1,0,0
5484,5485,Cinderella,1965,all,59/100,0,0,1,1,0
5485,5486,Strange Wilderness,2008,18+,59/100,0,0,1,0,0
5486,5487,Rampage,2009,18+,59/100,0,0,1,0,0
5487,5488,Stitches,2012,18+,59/100,0,0,1,0,0
5488,5489,Jamesy Boy,2014,18+,59/100,0,0,1,0,0
5489,5490,"Tad, the Lost Explorer",2012,7+,59/100,0,0,1,0,0
5490,5491,Permanent Midnight,1998,18+,59/100,0,0,1,0,0
5491,5492,The Cheap Detective,1978,7+,59/100,0,0,1,0,0
5492,5493,Inconceivable,2017,18+,59/100,0,0,1,0,0
5493,5494,Hick,2011,18+,59/100,0,0,1,0,0
5494,5495,Chato's Land,1972,7+,59/100,0,0,1,0,0
5495,5496,I Capture the Castle,2003,18+,59/100,0,0,1,0,0
5496,5497,Angoor,1982,,59/100,0,0,1,0,0
5497,5498,A Turtle's Tale: Sammy's Adventures,2010,all,59/100,0,0,1,0,0
5498,5499,Jade,1995,18+,59/100,0,0,1,0,0
5499,5500,D-Day,2013,7+,59/100,0,0,1,0,0
5500,5501,Pitfall,1948,,59/100,0,0,1,0,0
5501,5502,The Commune,2016,18+,59/100,0,0,1,0,0
5502,5503,500 Years,2017,,59/100,0,0,1,0,0
5503,5504,Parallel,2021,18+,59/100,0,0,1,0,0
5504,5505,Angel and the Badman,1947,all,59/100,0,0,1,0,0
5505,5506,Escape Plan: The Extractors,2019,18+,59/100,0,0,1,0,0
5506,5507,The Woman in Black 2: Angel of Death,2014,13+,59/100,0,0,1,0,0
5507,5508,The Blood of Heroes,1989,18+,59/100,0,0,1,0,0
5508,5509,The Bedroom Window,1987,18+,59/100,0,0,1,0,0
5509,5510,About Alex,2014,18+,59/100,0,0,1,0,0
5510,5511,The New Daughter,2009,13+,59/100,0,0,1,0,0
5511,5512,My Heart Can't Beat Unless You Tell It To,2021,,59/100,0,0,1,0,0
5512,5513,The Winning Season,2009,13+,59/100,0,0,1,0,0
5513,5514,Dressed to Kill,1946,,59/100,0,0,1,0,0
5514,5515,Kill Chain,2020,18+,59/100,0,0,1,0,0
5515,5516,Frankie & Alice,2010,18+,59/100,0,0,1,0,0
5516,5517,Biswa Kalyan Rath : Biswa Mast Aadmi,2017,,59/100,0,0,1,0,0
5517,5518,All Nighter,2017,18+,59/100,0,0,1,0,0
5518,5519,Madea's Witness Protection,2012,13+,59/100,0,0,1,0,0
5519,5520,Where Hands Touch,2018,13+,59/100,0,0,1,0,0
5520,5521,North Dallas Forty,1979,18+,59/100,0,0,1,0,0
5521,5522,Shottas,2002,18+,59/100,0,0,1,0,0
5522,5523,Escape Plan 2: Hades,2018,18+,59/100,0,0,1,0,0
5523,5524,Project Gutenberg,2018,18+,59/100,0,0,1,0,0
5524,5525,Mara,2018,18+,59/100,0,0,1,0,0
5525,5526,Where the Red Fern Grows,1974,all,59/100,0,0,1,0,0
5526,5527,Dead Birds,2004,18+,59/100,0,0,1,0,0
5527,5528,Ladybugs,1992,13+,59/100,0,0,1,0,0
5528,5529,Not Wanted,1949,,59/100,0,0,1,0,0
5529,5530,Ae Dil Hai Mushkil,2016,13+,59/100,0,0,1,0,0
5530,5531,Age of Heroes,2011,18+,59/100,0,0,1,0,0
5531,5532,The Beckoning Silence,2007,7+,59/100,0,0,1,0,0
5532,5533,The Tracker,2002,,59/100,0,0,1,0,0
5533,5534,The Bachelors,2017,,59/100,0,0,1,0,0
5534,5535,Wander,2020,18+,59/100,0,0,1,0,0
5535,5536,Meri Pyaari Bindu,2017,7+,59/100,0,0,1,0,0
5536,5537,At Middleton,2013,18+,59/100,0,0,1,0,0
5537,5538,The Dark,2018,,59/100,0,0,1,0,0
5538,5539,Night Falls on Manhattan,1996,18+,59/100,0,0,1,0,0
5539,5540,Madame,2017,16+,59/100,0,0,1,0,0
5540,5541,Nocturne,2020,,59/100,0,0,1,0,0
5541,5542,Lamhe,1991,7+,59/100,0,0,1,0,0
5542,5543,Hichki,2018,7+,59/100,0,0,1,0,0
5543,5544,Big Fan,2009,18+,59/100,0,0,1,0,0
5544,5545,Sui Dhaaga - Made in India,2018,7+,59/100,0,0,1,0,0
5545,5546,Waffle Street,2015,,59/100,0,0,1,0,0
5546,5547,Royal Wedding,1951,,59/100,0,0,1,0,0
5547,5548,Vanishing on 7th Street,2010,18+,59/100,0,0,1,0,0
5548,5549,The Truth About Emanuel,2014,18+,59/100,0,0,1,0,0
5549,5550,Hatchet III,2013,18+,59/100,0,0,1,0,0
5550,5551,Voice from the Stone,2017,18+,59/100,0,0,1,0,0
5551,5552,Jack Goes Boating,2010,18+,59/100,0,0,1,0,0
5552,5553,Max,2002,18+,59/100,0,0,1,0,0
5553,5554,Accidentally Engaged,2016,7+,59/100,0,0,1,0,0
5554,5555,Mo' Money,1992,18+,59/100,0,0,1,0,0
5555,5556,Joshy,2016,18+,59/100,0,0,1,0,0
5556,5557,Maanagaram,2017,,59/100,0,0,1,0,0
5557,5558,The Spirit of Christmas,2015,,59/100,0,0,1,0,0
5558,5559,Beautiful Kate,2009,18+,59/100,0,0,1,0,0
5559,5560,We Still Kill the Old Way,2014,,58/100,0,0,1,0,0
5560,5561,True Confessions,1981,18+,58/100,0,0,1,0,0
5561,5562,The Road to Wellville,1994,18+,58/100,0,0,1,0,0
5562,5563,The Wind Journeys,2009,,58/100,0,0,1,0,0
5563,5564,Rupture,2016,18+,58/100,0,0,1,0,0
5564,5565,Pal Joey,1957,,58/100,0,0,1,0,0
5565,5566,Syrup,2013,18+,58/100,0,0,1,0,0
5566,5567,Baar Baar Dekho,2016,7+,58/100,0,0,1,0,0
5567,5568,Dear Comrade,2019,,58/100,0,0,1,0,0
5568,5569,Sister My Sister,1994,18+,58/100,0,0,1,0,0
5569,5570,Bad Ass,2012,18+,58/100,0,0,1,0,0
5570,5571,Mystify: Michael Hutchence,2019,,58/100,0,0,1,0,0
5571,5572,Hatchet II,2010,18+,58/100,0,0,1,0,0
5572,5573,Flowers in the Attic,1987,18+,58/100,0,0,1,0,0
5573,5574,These Girls,2005,18+,58/100,0,0,1,0,0
5574,5575,In the Blood,2014,18+,58/100,0,0,1,0,0
5575,5576,Being Charlie,2015,18+,58/100,0,0,1,0,0
5576,5577,Sherlock Holmes and the Secret Weapon,1942,,58/100,0,0,1,0,0
5577,5578,Creative Control,2016,18+,58/100,0,0,1,0,0
5578,5579,One Small Hitch,2013,,58/100,0,0,1,0,0
5579,5580,Lady Jane,1986,13+,58/100,0,0,1,0,0
5580,5581,Hans Christian Andersen,1952,,58/100,0,0,1,0,0
5581,5582,Rendez-Vous,2015,13+,58/100,0,0,1,0,0
5582,5583,Milk Money,1994,13+,58/100,0,0,1,0,0
5583,5584,Madea Goes to Jail,2009,13+,58/100,0,0,1,0,0
5584,5585,An American Rhapsody,2001,13+,58/100,0,0,1,0,0
5585,5586,Juggernaut,1974,7+,58/100,0,0,1,0,0
5586,5587,Suck,2009,18+,58/100,0,0,1,0,0
5587,5588,Ulee's Gold,1997,18+,58/100,0,0,1,0,0
5588,5589,Ronal the Barbarian,2011,18+,58/100,0,0,1,0,0
5589,5590,Dark River,2018,18+,58/100,0,0,1,0,0
5590,5591,Something from Nothing: The Art of Rap,2012,18+,58/100,0,0,1,0,0
5591,5592,A Farewell to Arms,1932,7+,58/100,0,0,1,0,0
5592,5593,Michael Jordan: Come Fly with Me,1989,,58/100,0,0,1,0,0
5593,5594,Ray Harryhausen: Special Effects Titan,2011,7+,58/100,0,0,1,0,0
5594,5595,Schweigeminute,2016,,58/100,0,0,1,0,0
5595,5596,Out of the Blue,2002,,58/100,0,0,1,0,0
5596,5597,Jiang Ziya: The Legend of Deification,2020,7+,58/100,0,0,1,0,0
5597,5598,Miss Meadows,2014,,58/100,0,0,1,0,0
5598,5599,Wildlike,2015,,58/100,0,0,1,0,0
5599,5600,The Falls,2012,,58/100,0,0,1,0,0
5600,5601,Transit,2012,18+,58/100,0,0,1,0,0
5601,5602,Landline,2017,18+,58/100,0,0,1,0,0
5602,5603,Replicant,2001,18+,58/100,0,0,1,0,0
5603,5604,Robin Hood,1922,,58/100,0,0,1,1,0
5604,5605,The Beautician and the Beast,1997,7+,58/100,0,0,1,0,0
5605,5606,Mambo Italiano,2003,18+,58/100,0,0,1,0,0
5606,5607,Choose Me,1984,18+,58/100,0,0,1,0,0
5607,5608,American Grindhouse,2011,,58/100,0,0,1,0,0
5608,5609,Moonwalkers,2015,18+,58/100,0,0,1,0,0
5609,5610,Small Apartments,2012,18+,58/100,0,0,1,0,0
5610,5611,Maharshi,2019,,58/100,0,0,1,0,0
5611,5612,The Alibi,2006,18+,58/100,0,0,1,0,0
5612,5613,Slackers,2002,18+,58/100,0,0,1,0,0
5613,5614,Wind,1992,13+,58/100,0,0,1,1,0
5614,5615,He's Out There,2018,18+,58/100,0,0,1,0,0
5615,5616,Ong Bak 3,2010,18+,58/100,0,0,1,0,0
5616,5617,The Adventures of Mark Twain,1985,all,58/100,0,0,1,0,0
5617,5618,The Invisibles,2017,,58/100,0,0,1,0,0
5618,5619,Tuff Turf,1985,18+,58/100,0,0,1,0,0
5619,5620,Army of One,2016,18+,58/100,0,0,1,0,0
5620,5621,Gotti,2018,18+,58/100,0,0,1,0,0
5621,5622,East Side Sushi,2014,7+,58/100,0,0,1,0,0
5622,5623,Dance of the Dead,2008,18+,58/100,0,0,1,0,0
5623,5624,Blood Fest,2018,,58/100,0,0,1,0,0
5624,5625,Mere Brother Ki Dulhan,2011,,58/100,0,0,1,0,0
5625,5626,The Intervention,2016,18+,58/100,0,0,1,0,0
5626,5627,Doug Stanhope: No Refunds,2007,18+,58/100,0,0,1,0,0
5627,5628,Blue Mountain State: The Rise of Thadland,2016,18+,58/100,0,0,1,0,0
5628,5629,Hostile,2018,18+,58/100,0,0,1,0,0
5629,5630,Tamara,2005,18+,58/100,0,0,1,0,0
5630,5631,Never Grow Old,2019,18+,58/100,0,0,1,0,0
5631,5632,Chhalaang,2020,16+,58/100,0,0,1,0,0
5632,5633,Force of Nature,2020,18+,58/100,0,0,1,0,0
5633,5634,Clan of the White Lotus,1980,13+,58/100,0,0,1,0,0
5634,5635,Fort Bliss,2014,18+,58/100,0,0,1,0,0
5635,5636,Kabhi Kabhie,1976,7+,58/100,0,0,1,0,0
5636,5637,The Grand Tour Presents: A Massive Hunt,2020,,58/100,0,0,1,0,0
5637,5638,Cyberbully,2011,16+,58/100,0,0,1,0,0
5638,5639,Kadhalil Sodhappuvadhu Yeppadi,2012,,58/100,0,0,1,0,0
5639,5640,The Burrowers,2008,18+,58/100,0,0,1,0,0
5640,5641,Mujhse Dosti Karoge!,2002,all,58/100,0,0,1,0,0
5641,5642,Survival of the Dead,2010,18+,58/100,0,0,1,0,0
5642,5643,Sharkwater Extinction,2018,,58/100,0,0,1,0,0
5643,5644,Bhoomi,2017,,58/100,0,0,1,0,0
5644,5645,Golmaal - Fun Unlimited,2006,7+,58/100,0,0,1,0,0
5645,5646,Kid with the Golden Arm,1979,18+,58/100,0,0,1,0,0
5646,5647,The Blue Gardenia,1953,,58/100,0,0,1,0,0
5647,5648,Precious Cargo,2016,18+,58/100,0,0,1,0,0
5648,5649,FairyTale: A True Story,1997,7+,58/100,0,0,1,0,0
5649,5650,Submergence,2017,,58/100,0,0,1,0,0
5650,5651,Trouble the Water,2008,,58/100,0,0,1,0,0
5651,5652,Mashaal,1984,all,58/100,0,0,1,0,0
5652,5653,Apartment 143,2011,18+,58/100,0,0,1,0,0
5653,5654,Sebastian Maniscalco: Aren't You Embarrassed?,2014,18+,58/100,0,0,1,0,0
5654,5655,The Big Brawl,1980,18+,58/100,0,0,1,0,0
5655,5656,Song One,2014,13+,58/100,0,0,1,0,0
5656,5657,The Adventures of Elmo in Grouchland,1999,all,58/100,0,0,1,0,0
5657,5658,"Tad, the Lost Explorer, and the Secret of King Midas",2017,7+,57/100,0,0,1,0,0
5658,5659,Low Tide,2019,18+,57/100,0,0,1,0,0
5659,5660,Gordon Lightfoot: If You Could Read My Mind,2019,,57/100,0,0,1,0,0
5660,5661,Jack and Jill,2011,7+,57/100,0,0,1,0,0
5661,5662,A LEGO Brickumentary,2014,all,57/100,0,0,1,0,0
5662,5663,Greenfingers,2001,18+,57/100,0,0,1,0,0
5663,5664,The Jazz Singer,1980,7+,57/100,0,0,1,0,0
5664,5665,Stop at Nothing: The Lance Armstrong Story,2014,13+,57/100,0,0,1,0,0
5665,5666,Theri,2016,,57/100,0,0,1,0,0
5666,5667,Lapland Odyssey,2010,,57/100,0,0,1,0,0
5667,5668,Crimes of the Heart,1986,13+,57/100,0,0,1,0,0
5668,5669,Black's Game,2012,18+,57/100,0,0,1,0,0
5669,5670,Generation Wealth,2018,18+,57/100,0,0,1,0,0
5670,5671,Sidekicks,1992,7+,57/100,0,0,1,0,0
5671,5672,Rendezvous in Paris,1995,,57/100,0,0,1,0,0
5672,5673,M.F.A.,2017,,57/100,0,0,1,0,0
5673,5674,Five Fingers of Death,1972,18+,57/100,0,0,1,0,0
5674,5675,Dhoom 3,2013,,57/100,0,0,1,0,0
5675,5676,White Lightning,1973,7+,57/100,0,0,1,0,0
5676,5677,Gulliver's Travels,1939,all,57/100,0,0,1,1,0
5677,5678,The Woman in Green,1945,,57/100,0,0,1,0,0
5678,5679,Bravetown,2015,18+,57/100,0,0,1,0,0
5679,5680,Hotel Coolgardie,2016,18+,57/100,0,0,1,0,0
5680,5681,Mary J. Blige's My Life,2021,18+,57/100,0,0,1,0,0
5681,5682,Sometimes Always Never,2019,13+,57/100,0,0,1,0,0
5682,5683,Valentine Road,2013,16+,57/100,0,0,1,0,0
5683,5684,Terror by Night,1946,,57/100,0,0,1,0,0
5684,5685,In Dubious Battle,2017,18+,57/100,0,0,1,0,0
5685,5686,Gamera 2: Attack of the Legion,1996,,57/100,0,0,1,0,0
5686,5687,The Lady Without Camelias,1953,,57/100,0,0,1,0,0
5687,5688,In Syria,2017,,57/100,0,0,1,0,0
5688,5689,Falcon Rising,2014,18+,57/100,0,0,1,0,0
5689,5690,Pawn Shop Chronicles,2013,18+,57/100,0,0,1,0,0
5690,5691,The Adventurer: The Curse of the Midas Box,2013,7+,57/100,0,0,1,0,0
5691,5692,Superfast!,2015,13+,57/100,0,0,1,0,0
5692,5693,Exposed,2016,18+,57/100,0,0,1,0,0
5693,5694,Robinson Crusoe,1954,7+,57/100,0,0,1,0,0
5694,5695,Deiva Thirumagal,2011,,57/100,0,0,1,0,0
5695,5696,Still Mine,2012,13+,57/100,0,0,1,0,0
5696,5697,"Scotland, PA",2001,18+,57/100,0,0,1,0,0
5697,5698,Jim Gaffigan: Noble Ape,2018,,57/100,0,0,1,0,0
5698,5699,The Stolen Princess,2018,,57/100,0,0,1,0,0
5699,5700,Father of Invention,2010,13+,57/100,0,0,1,0,0
5700,5701,Sye Raa Narasimha Reddy,2019,,57/100,0,0,1,0,0
5701,5702,Amateur Night,2016,,57/100,0,0,1,0,0
5702,5703,Jim Gaffigan: Quality Time,2019,,57/100,0,0,1,0,0
5703,5704,The German Doctor,2013,13+,57/100,0,0,1,0,0
5704,5705,Chavela,2017,,57/100,0,0,1,0,0
5705,5706,TEKKEN,2010,18+,57/100,0,0,1,0,0
5706,5707,Lucky and Zorba,1998,all,57/100,0,0,1,0,0
5707,5708,College,1927,,57/100,0,0,1,0,0
5708,5709,Beta Test,2016,,57/100,0,0,1,0,0
5709,5710,Romeo & Juliet,2013,13+,57/100,0,0,1,0,0
5710,5711,Möbius,2013,18+,57/100,0,0,1,0,0
5711,5712,Fat Albert,2004,7+,57/100,0,0,1,0,0
5712,5713,In Dreams,1999,18+,57/100,0,0,1,0,0
5713,5714,The Dead Center,2019,,57/100,0,0,1,0,0
5714,5715,Counter Investigation,2007,,57/100,0,0,1,0,0
5715,5716,Missing 411: The Hunted,2019,,57/100,0,0,1,0,0
5716,5717,Gook,2017,,57/100,0,0,1,0,0
5717,5718,The Kennel Murder Case,1933,,57/100,0,0,1,0,0
5718,5719,The Creeping Flesh,1973,7+,57/100,0,0,1,0,0
5719,5720,Imaikkaa Nodigal,2018,all,57/100,0,0,1,0,0
5720,5721,Casa De Mi Padre,2012,18+,57/100,0,0,1,0,0
5721,5722,The Poison Rose,2019,18+,57/100,0,0,1,0,0
5722,5723,Diabolique,1996,18+,57/100,0,0,1,0,0
5723,5724,The Owl and the Pussycat,1970,7+,57/100,0,0,1,0,0
5724,5725,The Kindness of Strangers,2019,,57/100,0,0,1,0,0
5725,5726,The Grand,2007,18+,57/100,0,0,1,0,0
5726,5727,Stratton,2017,18+,57/100,0,0,1,0,0
5727,5728,Chick Fight,2021,18+,57/100,0,0,1,0,0
5728,5729,Iliza Shlesinger: War Paint,2013,,57/100,0,0,1,0,0
5729,5730,Jackie & Ryan,2014,13+,57/100,0,0,1,0,0
5730,5731,The Red House,1947,,57/100,0,0,1,0,0
5731,5732,Ice Guardians,2016,,57/100,0,0,1,0,0
5732,5733,Face 2 Face,2017,18+,57/100,0,0,1,0,0
5733,5734,Mankatha,2011,7+,57/100,0,0,1,0,0
5734,5735,The Lie,2018,18+,57/100,0,0,1,0,0
5735,5736,Black Moon Rising,1986,18+,57/100,0,0,1,0,0
5736,5737,Contract Killer,1998,18+,57/100,0,0,1,0,0
5737,5738,The Entitled,2011,18+,57/100,0,0,1,0,0
5738,5739,P!nk: All I Know So Far,2021,,57/100,0,0,1,0,0
5739,5740,Eye of the Beholder,1999,18+,57/100,0,0,1,0,0
5740,5741,Close Encounters of the Fifth Kind,2020,7+,57/100,0,0,1,0,0
5741,5742,Whitey: United States of America v. James J. Bulger,2014,18+,57/100,0,0,1,0,0
5742,5743,Driving Licence,2019,,57/100,0,0,1,0,0
5743,5744,Repeaters,2010,,57/100,0,0,1,0,0
5744,5745,Hello Guru Prema Kosame,2018,,57/100,0,0,1,0,0
5745,5746,Fubar,2002,18+,57/100,0,0,1,0,0
5746,5747,Space Truckers,1996,13+,57/100,0,0,1,0,0
5747,5748,Dead Space: Aftermath,2010,,57/100,0,0,1,0,0
5748,5749,Communion,1989,18+,57/100,0,0,1,0,0
5749,5750,The Flying Deuces,1939,,57/100,0,0,1,0,0
5750,5751,Gulabo Sitabo,2020,,57/100,0,0,1,0,0
5751,5752,High School,2010,18+,56/100,0,0,1,0,0
5752,5753,Bad Match,2017,18+,56/100,0,0,1,0,0
5753,5754,Seven Days in Utopia,2011,all,56/100,0,0,1,0,0
5754,5755,Nancy,2018,,56/100,0,0,1,0,0
5755,5756,Despite the Falling Snow,2016,13+,56/100,0,0,1,0,0
5756,5757,Heaven Adores You,2014,,56/100,0,0,1,0,0
5757,5758,Demon House,2018,18+,56/100,0,0,1,0,0
5758,5759,Tortilla Soup,2001,13+,56/100,0,0,1,0,0
5759,5760,Porky's II: The Next Day,1983,18+,56/100,0,0,1,0,0
5760,5761,A Bride for Christmas,2012,all,56/100,0,0,1,0,0
5761,5762,Cowboy,1958,,56/100,0,0,1,0,0
5762,5763,Tarzan,2013,all,56/100,0,0,1,1,0
5763,5764,Amish Grace,2010,7+,56/100,0,0,1,0,0
5764,5765,Shubh Mangal Zyada Saavdhan,2020,,56/100,0,0,1,0,0
5765,5766,Gascoigne,2015,13+,56/100,0,0,1,0,0
5766,5767,The King of Masks,1996,,56/100,0,0,1,0,0
5767,5768,My Kid Could Paint That,2007,13+,56/100,0,0,1,0,0
5768,5769,Every Little Step,2008,13+,56/100,0,0,1,0,0
5769,5770,The Hiding Place,1975,7+,56/100,0,0,1,0,0
5770,5771,The Boy Whose Skin Fell Off,2004,,56/100,0,0,1,0,0
5771,5772,Barry Munday,2010,18+,56/100,0,0,1,0,0
5772,5773,Sarileru Neekevvaru,2020,13+,56/100,0,0,1,0,0
5773,5774,Linsanity,2013,7+,56/100,0,0,1,0,0
5774,5775,Complete Unknown,2016,18+,56/100,0,0,1,0,0
5775,5776,Dance Academy: The Movie,2017,,56/100,0,0,1,0,0
5776,5777,Cockfighter,1974,18+,56/100,0,0,1,0,0
5777,5778,The Bat,1959,,56/100,0,0,1,0,0
5778,5779,The Yellow Birds,2017,18+,56/100,0,0,1,0,0
5779,5780,Lovecraft: Fear of the Unknown,2008,7+,56/100,0,0,1,0,0
5780,5781,Diana Vreeland: The Eye Has to Travel,2012,13+,56/100,0,0,1,0,0
5781,5782,Body of Evidence,1993,18+,56/100,0,0,1,0,0
5782,5783,Wish You Were Here,2012,18+,56/100,0,0,1,0,0
5783,5784,Sunshine State,2002,13+,56/100,0,0,1,0,0
5784,5785,The Statement,2003,18+,56/100,0,0,1,0,0
5785,5786,Rampage: Capital Punishment,2014,,56/100,0,0,1,0,0
5786,5787,All Is Bright,2013,18+,56/100,0,0,1,0,0
5787,5788,Girl in Progress,2012,13+,56/100,0,0,1,0,0
5788,5789,Cass,2008,18+,56/100,0,0,1,0,0
5789,5790,Transylvania 6-5000,1985,7+,56/100,0,0,1,0,0
5790,5791,Lost in the Sun,2015,,56/100,0,0,1,0,0
5791,5792,APEX: The Story of the Hypercar,2016,,56/100,0,0,1,0,0
5792,5793,Gigantic,2008,18+,56/100,0,0,1,0,0
5793,5794,Jappeloup,2013,all,56/100,0,0,1,0,0
5794,5795,Trucker,2008,18+,56/100,0,0,1,0,0
5795,5796,Summer '03,2018,16+,56/100,0,0,1,0,0
5796,5797,Crips and Bloods: Made in America,2008,,56/100,0,0,1,0,0
5797,5798,Ishaqzaade,2012,7+,56/100,0,0,1,0,0
5798,5799,Topper Returns,1941,,56/100,0,0,1,0,0
5799,5800,Jacknife,1989,18+,56/100,0,0,1,0,0
5800,5801,Beyond The Sky,2018,,56/100,0,0,1,0,0
5801,5802,Sharknado,2013,16+,56/100,0,0,1,0,0
5802,5803,These Three,1936,,56/100,0,0,1,0,0
5803,5804,The Eclipse,2009,18+,56/100,0,0,1,0,0
5804,5805,Ninja III: The Domination,1984,18+,56/100,0,0,1,0,0
5805,5806,Kevin Smith: Silent but Deadly,2018,18+,56/100,0,0,1,0,0
5806,5807,Hawking,2013,18+,56/100,0,0,1,0,0
5807,5808,Griff the Invisible,2011,13+,56/100,0,0,1,0,0
5808,5809,When Did You Last See Your Father?,2007,13+,56/100,0,0,1,0,0
5809,5810,You May Not Kiss the Bride,2011,13+,56/100,0,0,1,0,0
5810,5811,Sundown: The Vampire in Retreat,1989,18+,56/100,0,0,1,0,0
5811,5812,Hiding Out,1987,13+,56/100,0,0,1,0,0
5812,5813,Serious Moonlight,2009,18+,56/100,0,0,1,0,0
5813,5814,Spring Break,1983,18+,56/100,0,0,1,0,0
5814,5815,The Wild Blue Yonder,2005,18+,56/100,0,0,1,0,0
5815,5816,The Dead Lands,2014,18+,56/100,0,0,1,0,0
5816,5817,A Prince for Christmas,2015,,56/100,0,0,1,0,0
5817,5818,My Blind Brother,2016,18+,56/100,0,0,1,0,0
5818,5819,Death Machine,1994,18+,56/100,0,0,1,0,0
5819,5820,Abigail,2019,7+,56/100,0,0,1,0,0
5820,5821,Alien Code,2017,7+,56/100,0,0,1,0,0
5821,5822,A Turtle's Tale 2: Sammy's Escape from Paradise,2012,,56/100,0,0,1,0,0
5822,5823,Jellyfish,2007,,56/100,0,0,1,0,0
5823,5824,Genevieve,1953,,56/100,0,0,1,0,0
5824,5825,Breathing Fire,1991,18+,56/100,0,0,1,0,0
5825,5826,Yardie,2018,,56/100,0,0,1,0,0
5826,5827,The Sheik,2014,,56/100,0,0,1,0,0
5827,5828,The Shaolin Temple,1982,,56/100,0,0,1,0,0
5828,5829,Raja Hindustani,1996,all,56/100,0,0,1,0,0
5829,5830,12 Rounds 3: Lockdown,2015,18+,56/100,0,0,1,0,0
5830,5831,The Booksellers,2020,,56/100,0,0,1,0,0
5831,5832,Christmas Lodge,2011,all,56/100,0,0,1,0,0
5832,5833,Trouble in Mind,1985,18+,56/100,0,0,1,0,0
5833,5834,The VelociPastor,2018,,56/100,0,0,1,0,0
5834,5835,Capone,2020,18+,56/100,0,0,1,0,0
5835,5836,Ride,2014,18+,56/100,0,0,1,0,0
5836,5837,15 Minutes of War,2019,16+,56/100,0,0,1,0,0
5837,5838,Boarding School,2018,18+,56/100,0,0,1,0,0
5838,5839,Catch Hell,2014,,56/100,0,0,1,0,0
5839,5840,The Empire in Africa,2006,,56/100,0,0,1,0,0
5840,5841,True Colors,1991,18+,56/100,0,0,1,0,0
5841,5842,How to Fall in Love,2012,all,56/100,0,0,1,0,0
5842,5843,Bharat,2019,,56/100,0,0,1,0,0
5843,5844,Ley Lines,1999,,56/100,0,0,1,0,0
5844,5845,Outcast,2014,,56/100,0,0,1,0,0
5845,5846,Big Top Pee-wee,1988,7+,56/100,0,0,1,0,0
5846,5847,The Secret Diaries of Miss Anne Lister,2010,16+,56/100,0,0,1,0,0
5847,5848,Jonestown: Paradise Lost,2007,13+,56/100,0,0,1,0,0
5848,5849,Crown Heights,2017,18+,56/100,0,0,1,0,0
5849,5850,Extremities,1986,18+,56/100,0,0,1,0,0
5850,5851,White Tiger,2012,,56/100,0,0,1,0,0
5851,5852,Prescription Thugs,2016,13+,56/100,0,0,1,0,0
5852,5853,Digging to China,1997,7+,56/100,0,0,1,0,0
5853,5854,Mountain Patrol,2004,13+,56/100,0,0,1,0,0
5854,5855,Gamera 3: Revenge of Iris,1999,7+,55/100,0,0,1,0,0
5855,5856,Changeland,2019,18+,55/100,0,0,1,0,0
5856,5857,Our Town,1940,,55/100,0,0,1,0,0
5857,5858,Faster,2003,13+,55/100,0,0,1,0,0
5858,5859,The Mark of Zorro,1920,,55/100,0,0,1,0,0
5859,5860,Andy Murray: Resurfacing,2019,,55/100,0,0,1,0,0
5860,5861,Night Tide,1961,,55/100,0,0,1,0,0
5861,5862,High Society,2014,,55/100,0,0,1,0,0
5862,5863,Chandramukhi,2005,,55/100,0,0,1,0,0
5863,5864,The Night Watch,2011,16+,55/100,0,0,1,0,0
5864,5865,Decoding Annie Parker,2014,18+,55/100,0,0,1,0,0
5865,5866,If I Had Wings,2013,7+,55/100,0,0,1,0,0
5866,5867,Message Man,2018,,55/100,0,0,1,0,0
5867,5868,Think Like a Dog,2020,7+,55/100,0,0,1,0,0
5868,5869,Night of the Demons,2009,18+,55/100,0,0,1,0,0
5869,5870,Luxor,2021,,55/100,0,0,1,0,0
5870,5871,Dreams with Sharp Teeth,2008,,55/100,0,0,1,0,0
5871,5872,Paper Planes,2014,,55/100,0,0,1,0,0
5872,5873,A Month in the Country,1987,7+,55/100,0,0,1,0,0
5873,5874,The Glorias,2020,18+,55/100,0,0,1,0,0
5874,5875,At the Gate of the Ghost,2011,18+,55/100,0,0,1,0,0
5875,5876,Twenty Bucks,1993,18+,55/100,0,0,1,0,0
5876,5877,Operation Toussaint: Operation Underground Railroad and the Fight to End Modern Day Slavery,2018,,55/100,0,0,1,0,0
5877,5878,Poorna,2017,,55/100,0,0,1,0,0
5878,5879,The Competition,1980,7+,55/100,0,0,1,0,0
5879,5880,A Song Is Born,1948,,55/100,0,0,1,0,0
5880,5881,Fay Grim,2006,18+,55/100,0,0,1,0,0
5881,5882,Chandni,1989,7+,55/100,0,0,1,0,0
5882,5883,Late Night Trains,1975,18+,55/100,0,0,1,0,0
5883,5884,Domino,2019,18+,55/100,0,0,1,0,0
5884,5885,Vazhakku Enn 18/9,2012,,55/100,0,0,1,0,0
5885,5886,Take Care,2014,16+,55/100,0,0,1,0,0
5886,5887,The Last Witness,2018,,55/100,0,0,1,0,0
5887,5888,The Cleaning Lady,2018,18+,55/100,0,0,1,0,0
5888,5889,Watermelon Man,1970,18+,55/100,0,0,1,0,0
5889,5890,Lady Bloodfight,2016,18+,55/100,0,0,1,0,0
5890,5891,Tirza,2010,,55/100,0,0,1,0,0
5891,5892,Knock Off,1998,18+,55/100,0,0,1,0,0
5892,5893,Meeting Evil,2012,18+,55/100,0,0,1,0,0
5893,5894,Naughty or Nice,2012,all,55/100,0,0,1,0,0
5894,5895,Death Ship,1980,18+,55/100,0,0,1,0,0
5895,5896,Catchfire,1990,18+,55/100,0,0,1,0,0
5896,5897,Human Flow,2017,13+,55/100,0,0,1,0,0
5897,5898,Kadaikutty Singam,2018,7+,55/100,0,0,1,0,0
5898,5899,Sharknado 3: Oh Hell No!,2015,16+,55/100,0,0,1,0,0
5899,5900,Gracie,2007,13+,55/100,0,0,1,0,0
5900,5901,Sugarbaby,1985,,55/100,0,0,1,0,0
5901,5902,Goodbye World,2013,,55/100,0,0,1,0,0
5902,5903,Tiger Orange,2014,,55/100,0,0,1,0,0
5903,5904,The Isle,2019,,55/100,0,0,1,0,0
5904,5905,Leprechaun 2,1994,18+,55/100,0,0,1,0,0
5905,5906,The Botany of Desire,2009,16+,55/100,0,0,1,0,0
5906,5907,"Yes, Virginia",2009,all,55/100,0,0,1,0,0
5907,5908,The Old Man and the Sea,1990,,55/100,0,0,1,0,0
5908,5909,Chicken People,2016,,55/100,0,0,1,0,0
5909,5910,Mulligans,2008,,55/100,0,0,1,0,0
5910,5911,Window Horses: The Poetic Persian Epiphany of Rosie Ming,2016,,55/100,0,0,1,0,0
5911,5912,Tel Aviv on Fire,2018,,55/100,0,0,1,0,0
5912,5913,The Snows of Kilimanjaro,1952,,55/100,0,0,1,0,0
5913,5914,Chinese Box,1997,18+,55/100,0,0,1,0,0
5914,5915,Angel of Christmas,2015,all,55/100,0,0,1,0,0
5915,5916,Test,2013,18+,55/100,0,0,1,0,0
5916,5917,"Park Avenue: Money, Power & The American Dream",2012,,55/100,0,0,1,0,0
5917,5918,American Experience: Tesla,2016,7+,55/100,0,0,1,0,0
5918,5919,Little Secrets,2001,7+,55/100,0,0,1,0,0
5919,5920,The Devil's Rock,2011,,55/100,0,0,1,0,0
5920,5921,Elephant Song,2014,,55/100,0,0,1,0,0
5921,5922,Pandemic,2020,18+,55/100,0,0,1,0,0
5922,5923,Memorial Day,2011,18+,55/100,0,0,1,0,0
5923,5924,Dirty 30,2016,13+,55/100,0,0,1,0,0
5924,5925,Skin Deep,1989,18+,55/100,0,0,1,0,0
5925,5926,Ava's Possessions,2015,18+,55/100,0,0,1,0,0
5926,5927,Maayavan,2017,,55/100,0,0,1,0,0
5927,5928,Kenau,2014,,55/100,0,0,1,0,0
5928,5929,I Walk the Line,1970,13+,55/100,0,0,1,0,0
5929,5930,H.H. Holmes: America's First Serial Killer,2004,,55/100,0,0,1,0,0
5930,5931,Get Thrashed,2006,,55/100,0,0,1,0,0
5931,5932,Till the Clouds Roll By,1946,,55/100,0,0,1,0,0
5932,5933,Svengali,1931,,55/100,0,0,1,0,0
5933,5934,Wait for Your Laugh,2017,,55/100,0,0,1,0,0
5934,5935,Love Stinks,1999,18+,55/100,0,0,1,0,0
5935,5936,Sharknado 2: The Second One,2014,16+,55/100,0,0,1,0,0
5936,5937,Doug Stanhope: Beer Hall Putsch,2013,,55/100,0,0,1,0,0
5937,5938,Tim,1979,,55/100,0,0,1,0,0
5938,5939,Catch.44,2011,18+,55/100,0,0,1,0,0
5939,5940,The First of the Few,1942,all,55/100,0,0,1,0,0
5940,5941,Man Vs.,2015,,55/100,0,0,1,0,0
5941,5942,Fasten Your Seatbelts,2014,all,55/100,0,0,1,0,0
5942,5943,Ishq,2019,,55/100,0,0,1,0,0
5943,5944,Amal,2007,,55/100,0,0,1,0,0
5944,5945,Kanan Gill: Keep It Real,2017,,54/100,0,0,1,0,0
5945,5946,Donkey Punch,2008,18+,54/100,0,0,1,0,0
5946,5947,Left Behind,2000,13+,54/100,0,0,1,0,0
5947,5948,The Runner,2015,18+,54/100,0,0,1,0,0
5948,5949,The Legend of Ben Hall,2017,,54/100,0,0,1,0,0
5949,5950,Blood on Her Name,2020,,54/100,0,0,1,0,0
5950,5951,Stepfather II,1989,18+,54/100,0,0,1,0,0
5951,5952,The History of Time Travel,2014,,54/100,0,0,1,0,0
5952,5953,Maya the Bee Movie,2014,all,54/100,0,0,1,0,0
5953,5954,The Stöned Age,1994,18+,54/100,0,0,1,0,0
5954,5955,"You're the Greatest, Charlie Brown",1979,,54/100,0,0,1,0,0
5955,5956,Raging Phoenix,2009,18+,54/100,0,0,1,0,0
5956,5957,The Final Season,2007,7+,54/100,0,0,1,0,0
5957,5958,The Man from Elysian Fields,2001,18+,54/100,0,0,1,0,0
5958,5959,Numb,2015,,54/100,0,0,1,0,0
5959,5960,Cottage Country,2013,16+,54/100,0,0,1,0,0
5960,5961,The Extra Man,2010,18+,54/100,0,0,1,0,0
5961,5962,Thaanaa Serndha Koottam,2018,,54/100,0,0,1,0,0
5962,5963,Waiting for Anya,2020,,54/100,0,0,1,0,0
5963,5964,Permission,2018,18+,54/100,0,0,1,0,0
5964,5965,Son of the South,2021,13+,54/100,0,0,1,0,0
5965,5966,A Christmas Kiss II,2014,,54/100,0,0,1,0,0
5966,5967,In Enemy Hands,2005,18+,54/100,0,0,1,0,0
5967,5968,Seven Stages to Achieve Eternal Bliss,2020,,54/100,0,0,1,0,0
5968,5969,The Fanatic,2019,18+,54/100,0,0,1,0,0
5969,5970,Survive the Night,2020,18+,54/100,0,0,1,0,0
5970,5971,Almost an Angel,1990,7+,54/100,0,0,1,0,0
5971,5972,Sillunu Oru Kaadhal,2006,,54/100,0,0,1,0,0
5972,5973,Lost in Thailand,2012,,54/100,0,0,1,0,0
5973,5974,Beneath,2007,18+,54/100,0,0,1,0,0
5974,5975,Northmen: A Viking Saga,2014,18+,54/100,0,0,1,0,0
5975,5976,The Real Inglorious Bastards,2012,,54/100,0,0,1,0,0
5976,5977,The Ash Lad: In Search of the Golden Castle,2019,,54/100,0,0,1,0,0
5977,5978,Dear Mr. Gacy,2010,18+,54/100,0,0,1,0,0
5978,5979,Ujda Chaman,2019,,54/100,0,0,1,0,0
5979,5980,Walled In,2009,18+,54/100,0,0,1,0,0
5980,5981,Keith Haring: Street Art Boy,2020,18+,54/100,0,0,1,0,0
5981,5982,The Turning,2013,18+,54/100,0,0,1,0,0
5982,5983,Raatchasi,2019,,54/100,0,0,1,0,0
5983,5984,Crazy,2008,18+,54/100,0,0,1,0,0
5984,5985,Liberty Stands Still,2002,18+,54/100,0,0,1,0,0
5985,5986,Mine Games,2012,16+,54/100,0,0,1,0,0
5986,5987,Next Time I'll Aim for the Heart,2014,18+,54/100,0,0,1,0,0
5987,5988,A Night in Old Mexico,2013,,54/100,0,0,1,0,0
5988,5989,Wrong Turn at Tahoe,2009,18+,54/100,0,0,1,0,0
5989,5990,Selah and the Spades,2019,18+,54/100,0,0,1,0,0
5990,5991,The Princess and the Pirate,1944,,54/100,0,0,1,0,0
5991,5992,The Capture of the Green River Killer,2008,,54/100,0,0,1,0,0
5992,5993,The Guv'nor,2016,,54/100,0,0,1,0,0
5993,5994,Doug Stanhope: No Place Like Home,2016,,54/100,0,0,1,0,0
5994,5995,Saints and Soldiers: Airborne Creed,2012,13+,54/100,0,0,1,0,0
5995,5996,Ok Jaanu,2017,7+,54/100,0,0,1,0,0
5996,5997,Hoodman,2021,,54/100,0,0,1,0,0
5997,5998,The Aggression Scale,2012,18+,54/100,0,0,1,0,0
5998,5999,The Snow Queen 3: Fire and Ice,2016,7+,54/100,0,0,1,0,0
5999,6000,Butchers,2021,,54/100,0,0,1,0,0
6000,6001,Breaking & Exiting,2018,,54/100,0,0,1,0,0
6001,6002,Fukrey Returns,2017,,54/100,0,0,1,0,0
6002,6003,Last Rampage,2017,18+,54/100,0,0,1,0,0
6003,6004,That Uncertain Feeling,1941,,54/100,0,0,1,0,0
6004,6005,William S. Burroughs: A Man Within,2010,,54/100,0,0,1,0,0
6005,6006,Transpecos,2016,,54/100,0,0,1,0,0
6006,6007,Terror's Advocate,2007,18+,54/100,0,0,1,0,0
6007,6008,23 Blast,2014,13+,54/100,0,0,1,0,0
6008,6009,The Division: Agent Origins,2016,,54/100,0,0,1,0,0
6009,6010,Three Wishes,1995,7+,54/100,0,0,1,0,0
6010,6011,Abattoir,2016,18+,54/100,0,0,1,0,0
6011,6012,Double Whammy,2001,18+,54/100,0,0,1,0,0
6012,6013,The Woman Who Wasn't There,2012,,54/100,0,0,1,0,0
6013,6014,Animal,2014,,54/100,0,0,1,0,0
6014,6015,Finding Altamira,2016,,54/100,0,0,1,0,0
6015,6016,A Dangerous Man,2009,,54/100,0,0,1,0,0
6016,6017,Urge,2016,18+,54/100,0,0,1,0,0
6017,6018,Running for Grace,2018,16+,54/100,0,0,1,0,0
6018,6019,The Hunting Party,1971,18+,54/100,0,0,1,0,0
6019,6020,Diamond Men,2000,18+,54/100,0,0,1,0,0
6020,6021,Black Water,2018,18+,54/100,0,0,1,0,0
6021,6022,Vehicle 19,2013,18+,54/100,0,0,1,0,0
6022,6023,Gamera the Brave,2006,7+,54/100,0,0,1,0,0
6023,6024,Critical Condition,1987,18+,54/100,0,0,1,0,0
6024,6025,Officer Down,2013,18+,54/100,0,0,1,0,0
6025,6026,"Paradise, Hawaiian Style",1966,all,54/100,0,0,1,0,0
6026,6027,"Give 'em Hell, Malone",2009,18+,54/100,0,0,1,0,0
6027,6028,The Adventurers,2017,,54/100,0,0,1,0,0
6028,6029,Moonlight and Valentino,1995,18+,54/100,0,0,1,0,0
6029,6030,Eat With Me,2014,,54/100,0,0,1,0,0
6030,6031,Craig Ferguson: I'm Here to Help,2013,,54/100,0,0,1,0,0
6031,6032,Be Somebody,2016,7+,54/100,0,0,1,0,0
6032,6033,Citizen K,2019,,54/100,0,0,1,0,0
6033,6034,Can't Stand Losing You: Surviving The Police,2012,,54/100,0,0,1,0,0
6034,6035,Love Everlasting,2016,7+,54/100,0,0,1,0,0
6035,6036,M.O.M. Mothers of Monsters,2020,18+,54/100,0,0,1,0,0
6036,6037,Meet Monica Velour,2010,18+,54/100,0,0,1,0,0
6037,6038,Netflix vs. the World,2019,,53/100,0,0,1,0,0
6038,6039,Thank God It's Friday,1978,7+,53/100,0,0,1,0,0
6039,6040,Bunty Aur Babli,2005,13+,53/100,0,0,1,0,0
6040,6041,Jack Goes Home,2016,18+,53/100,0,0,1,0,0
6041,6042,Cold Case,2021,,53/100,0,0,1,0,0
6042,6043,Brick Lane,2007,13+,53/100,0,0,1,0,0
6043,6044,Hanover Street,1979,7+,53/100,0,0,1,0,0
6044,6045,Jack Frost,1997,18+,53/100,0,0,1,0,0
6045,6046,Toofan,2020,,53/100,0,0,1,0,0
6046,6047,Recoil,2011,18+,53/100,0,0,1,0,0
6047,6048,Trafficked,2017,18+,53/100,0,0,1,0,0
6048,6049,Lone Star State of Mind,2002,13+,53/100,0,0,1,0,0
6049,6050,Tough Guy: The Bob Probert Story,2018,,53/100,0,0,1,0,0
6050,6051,The Man Who Cheated Himself,1950,,53/100,0,0,1,0,0
6051,6052,Mulberry Street,2006,18+,53/100,0,0,1,0,0
6052,6053,American Mobster: Retribution,2021,,53/100,0,0,1,0,0
6053,6054,Examined Life,2008,,53/100,0,0,1,0,0
6054,6055,The Ghost Army,2013,7+,53/100,0,0,1,0,0
6055,6056,Lost Child,2018,,53/100,0,0,1,0,0
6056,6057,Within Our Gates,1920,,53/100,0,0,1,0,0
6057,6058,Gintama,2017,13+,53/100,0,0,1,0,0
6058,6059,Beautiful,2000,13+,53/100,0,0,1,0,0
6059,6060,Tenderness,2009,18+,53/100,0,0,1,0,0
6060,6061,Eternal Beauty,2020,18+,53/100,0,0,1,0,0
6061,6062,Desert Blue,1999,18+,53/100,0,0,1,0,0
6062,6063,Affinity,2008,,53/100,0,0,1,0,0
6063,6064,Happiness Continues,2020,,53/100,0,0,1,0,0
6064,6065,Dear God,1996,7+,53/100,0,0,1,0,0
6065,6066,Wild Horses,2015,18+,53/100,0,0,1,0,0
6066,6067,The Boy from Medellín,2020,18+,53/100,0,0,1,0,0
6067,6068,Chasers,1994,18+,53/100,0,0,1,0,0
6068,6069,Extracurricular Activities,2019,,53/100,0,0,1,0,0
6069,6070,Tanner Hall,2009,18+,53/100,0,0,1,0,0
6070,6071,The Corrupted,2019,18+,53/100,0,0,1,0,0
6071,6072,Broken Vows,2016,18+,53/100,0,0,1,0,0
6072,6073,Nostradamus,1994,18+,53/100,0,0,1,0,0
6073,6074,The Island on Bird Street,1997,13+,53/100,0,0,1,0,0
6074,6075,Animals,2012,13+,53/100,0,0,1,0,0
6075,6076,Sushi by Biswa Kalyan Rath,2019,,53/100,0,0,1,0,0
6076,6077,Domain,2017,,53/100,0,0,1,0,0
6077,6078,Once I Was a Beehive,2015,7+,53/100,0,0,1,0,0
6078,6079,Bad Ass 2: Bad Asses,2014,18+,53/100,0,0,1,0,0
6079,6080,Social Animals,2018,18+,53/100,0,0,1,0,0
6080,6081,Primal Rage,2018,18+,53/100,0,0,1,0,0
6081,6082,A Mother's Nightmare,2012,16+,53/100,0,0,1,0,0
6082,6083,Dark Ride,2006,18+,53/100,0,0,1,0,0
6083,6084,The Gracefield Incident,2017,13+,53/100,0,0,1,0,0
6084,6085,Green Is Gold,2016,18+,53/100,0,0,1,0,0
6085,6086,The Music of Silence,2017,,53/100,0,0,1,0,0
6086,6087,Train,2008,18+,53/100,0,0,1,0,0
6087,6088,The Benefactor,2015,,53/100,0,0,1,0,0
6088,6089,Tiptoes,2003,18+,53/100,0,0,1,0,0
6089,6090,Arsenal,2017,18+,53/100,0,0,1,0,0
6090,6091,Survivor's Guide to Prison,2018,18+,53/100,0,0,1,0,0
6091,6092,Posse,1975,7+,53/100,0,0,1,0,0
6092,6093,Kenny Sebastian : Don't Be That Guy,2017,,53/100,0,0,1,0,0
6093,6094,Sharknado 5: Global Swarming,2017,16+,53/100,0,0,1,0,0
6094,6095,Ghost House,2017,,53/100,0,0,1,0,0
6095,6096,Beyond the Edge,2018,13+,53/100,0,0,1,0,0
6096,6097,Dishonored Lady,1947,,53/100,0,0,1,0,0
6097,6098,Once Upon a Time in London,2019,,53/100,0,0,1,0,0
6098,6099,Chitralahari,2019,,53/100,0,0,1,0,0
6099,6100,I Bury the Living,1958,,53/100,0,0,1,0,0
6100,6101,Joseph Smith: Prophet of the Restoration,2005,,53/100,0,0,1,0,0
6101,6102,Afghan Star,2009,,53/100,0,0,1,0,0
6102,6103,Stage Door Canteen,1943,,53/100,0,0,1,0,0
6103,6104,Deewana,1992,,53/100,0,0,1,0,0
6104,6105,In Search of Fellini,2017,18+,53/100,0,0,1,0,0
6105,6106,The Battle Of Chosin,2016,7+,53/100,0,0,1,0,0
6106,6107,Leaving D.C.,2012,,53/100,0,0,1,0,0
6107,6108,The Last Descent,2016,7+,53/100,0,0,1,0,0
6108,6109,Lucy and Desi: A Home Movie,1993,,53/100,0,0,1,0,0
6109,6110,Edie,2018,,53/100,0,0,1,0,0
6110,6111,Wagons East!,1994,13+,53/100,0,0,1,0,0
6111,6112,One and the Same,2021,,53/100,0,0,1,0,0
6112,6113,Angels Crest,2011,18+,53/100,0,0,1,0,0
6113,6114,More Beautiful for Having Been Broken,2020,7+,53/100,0,0,1,0,0
6114,6115,Britannia Hospital,1982,18+,53/100,0,0,1,0,0
6115,6116,Wish You Well,2013,,53/100,0,0,1,0,0
6116,6117,Rumble: The Indians Who Rocked the World,2017,,53/100,0,0,1,0,0
6117,6118,The Curse of Sleeping Beauty,2016,16+,53/100,0,0,1,0,0
6118,6119,Dead Man Running,2009,18+,53/100,0,0,1,0,0
6119,6120,Lego Scooby-Doo! Knight Time Terror,2015,,53/100,0,0,1,0,0
6120,6121,Storage 24,2012,18+,53/100,0,0,1,0,0
6121,6122,The Eagle,1925,,53/100,0,0,1,0,0
6122,6123,After the Ball,2015,,53/100,0,0,1,0,0
6123,6124,Girltrash: All Night Long,2014,,53/100,0,0,1,0,0
6124,6125,Madhouse,2004,18+,53/100,0,0,1,0,0
6125,6126,Gnaw,2017,18+,53/100,0,0,1,0,0
6126,6127,Saving Zoë,2019,18+,53/100,0,0,1,0,0
6127,6128,Broil,2020,16+,53/100,0,0,1,0,0
6128,6129,Devil in the Dark,2017,,52/100,0,0,1,0,0
6129,6130,Coming Through the Rye,2016,13+,52/100,0,0,1,0,0
6130,6131,The Brainwashing of My Dad,2015,,52/100,0,0,1,0,0
6131,6132,"Cougars, Inc.",2011,18+,52/100,0,0,1,0,0
6132,6133,Dirty,2006,18+,52/100,0,0,1,0,0
6133,6134,Double Dragon,1994,13+,52/100,0,0,1,0,0
6134,6135,A Wife's Nightmare,2014,7+,52/100,0,0,1,0,0
6135,6136,Moondance Alexander,2007,all,52/100,0,0,1,0,0
6136,6137,Can We Take a Joke?,2016,,52/100,0,0,1,0,0
6137,6138,Beyond the Woods,2018,,52/100,0,0,1,0,0
6138,6139,Girls of the Sun,2018,,52/100,0,0,1,0,0
6139,6140,Indigenous,2014,18+,52/100,0,0,1,0,0
6140,6141,From the Vine,2019,,52/100,0,0,1,0,0
6141,6142,The Planters,2019,,52/100,0,0,1,0,0
6142,6143,Mellow Mud,2016,,52/100,0,0,1,0,0
6143,6144,"You, Me and Him",2018,18+,52/100,0,0,1,0,0
6144,6145,Desert Dancer,2014,13+,52/100,0,0,1,0,0
6145,6146,Female Prisoner Scorpion: #701's Grudge Song,1973,,52/100,0,0,1,0,0
6146,6147,The Hard Corps,2006,18+,52/100,0,0,1,0,0
6147,6148,Calamity Jane: Légende de l'Ouest,2014,,52/100,0,0,1,0,0
6148,6149,Only When I Laugh,1981,18+,52/100,0,0,1,0,0
6149,6150,Branded,2012,18+,52/100,0,0,1,0,0
6150,6151,Marilyn Hotchkiss' Ballroom Dancing & Charm School,2005,13+,52/100,0,0,1,0,0
6151,6152,The Cheat,1915,,52/100,0,0,1,0,0
6152,6153,The Last Sharknado: It's About Time,2018,16+,52/100,0,0,1,0,0
6153,6154,A Snow Capped Christmas,2016,all,52/100,0,0,1,0,0
6154,6155,Enigma,1982,7+,52/100,0,0,1,0,0
6155,6156,The Zookeeper,2001,all,52/100,0,0,1,0,0
6156,6157,Blood Into Wine,2010,13+,52/100,0,0,1,0,0
6157,6158,Be Afraid,2017,16+,52/100,0,0,1,0,0
6158,6159,They Call Us Monsters,2016,,52/100,0,0,1,0,0
6159,6160,Badmaash Company,2010,all,52/100,0,0,1,0,0
6160,6161,The Amazing Quest of Ernest Bliss,1936,,52/100,0,0,1,0,0
6161,6162,The Proud Rebel,1958,7+,52/100,0,0,1,0,0
6162,6163,"Dancer, Texas Pop. 81",1998,7+,52/100,0,0,1,0,0
6163,6164,The Wedding Year,2019,18+,52/100,0,0,1,0,0
6164,6165,Judge Priest,1934,,52/100,0,0,1,0,0
6165,6166,Healing Voices,2016,,52/100,0,0,1,0,0
6166,6167,Walkaway Joe,2020,,52/100,0,0,1,0,0
6167,6168,Cezanne and I,2016,18+,52/100,0,0,1,0,0
6168,6169,Trois 2: Pandora's Box,2002,18+,52/100,0,0,1,0,0
6169,6170,The True Adventures of Wolfboy,2019,13+,52/100,0,0,1,0,0
6170,6171,Some Freaks,2016,,52/100,0,0,1,0,0
6171,6172,Bodysong,2003,,52/100,0,0,1,0,0
6172,6173,The White Knights,2016,,52/100,0,0,1,0,0
6173,6174,Frances Ferguson,2019,,52/100,0,0,1,0,0
6174,6175,My Name Is Salt,2013,,52/100,0,0,1,0,0
6175,6176,Saints and Soldiers: The Void,2014,13+,52/100,0,0,1,0,0
6176,6177,Merry Kissmas,2015,,52/100,0,0,1,0,0
6177,6178,How Sarah Got Her Wings,2015,,52/100,0,0,1,0,0
6178,6179,The Lady Vanishes,2013,7+,52/100,0,0,1,0,0
6179,6180,Last of the Renegades,1964,,52/100,0,0,1,0,0
6180,6181,Bloody Tie,2006,,52/100,0,0,1,0,0
6181,6182,Magamuni,2019,,52/100,0,0,1,0,0
6182,6183,Kalank,2019,,52/100,0,0,1,0,0
6183,6184,Sophie and the Rising Sun,2016,18+,52/100,0,0,1,0,0
6184,6185,Crazy Kind of Love,2013,18+,52/100,0,0,1,0,0
6185,6186,TransMilitary,2018,16+,52/100,0,0,1,0,0
6186,6187,Max Cloud,2020,13+,52/100,0,0,1,0,0
6187,6188,Molokai: The Story of Father Damien,1999,7+,52/100,0,0,1,0,0
6188,6189,Ponmagal Vandhal,2020,,52/100,0,0,1,0,0
6189,6190,Jaanu,2020,,52/100,0,0,1,0,0
6190,6191,Kaappaan,2019,,52/100,0,0,1,0,0
6191,6192,Dhadak,2018,,52/100,0,0,1,0,0
6192,6193,RX 100,2018,all,52/100,0,0,1,0,0
6193,6194,George Reddy,2019,,52/100,0,0,1,0,0
6194,6195,Sand Castles,2016,,52/100,0,0,1,0,0
6195,6196,Louise by the Shore,2016,,52/100,0,0,1,0,0
6196,6197,Pyaar Impossible!,2010,7+,52/100,0,0,1,0,0
6197,6198,Bad Ben,2016,18+,52/100,0,0,1,0,0
6198,6199,Mad to Be Normal,2017,,52/100,0,0,1,0,0
6199,6200,Raja the Great,2017,all,52/100,0,0,1,0,0
6200,6201,Free Ride,2013,18+,52/100,0,0,1,0,0
6201,6202,Blood Tea and Red String,2006,,52/100,0,0,1,0,0
6202,6203,Eh Janam Tumhare Lekhe,2015,,52/100,0,0,1,0,0
6203,6204,Four Kids and It,2020,7+,52/100,0,0,1,0,0
6204,6205,Led Zeppelin: Dazed & Confused,2009,,52/100,0,0,1,0,0
6205,6206,True Crime,1996,18+,52/100,0,0,1,0,0
6206,6207,Manikarnika: The Queen of Jhansi,2019,,52/100,0,0,1,0,0
6207,6208,Masterminds,1997,13+,52/100,0,0,1,0,0
6208,6209,Lethal Seduction,2015,16+,52/100,0,0,1,0,0
6209,6210,The Ultimate Life,2013,7+,52/100,0,0,1,0,0
6210,6211,The Rainbow,1989,18+,52/100,0,0,1,0,0
6211,6212,40 Carats,1973,7+,52/100,0,0,1,0,0
6212,6213,Generation Aami,2018,,52/100,0,0,1,0,0
6213,6214,Motorama,1991,18+,52/100,0,0,1,0,0
6214,6215,Stay Cool,2009,13+,52/100,0,0,1,0,0
6215,6216,The Dark Red,2020,,52/100,0,0,1,0,0
6216,6217,Bhaagamathie,2018,all,52/100,0,0,1,0,0
6217,6218,The Snow Queen 2: Refreeze,2014,7+,52/100,0,0,1,0,0
6218,6219,Falaknuma Das,2019,18+,52/100,0,0,1,0,0
6219,6220,Death Clique,2014,7+,52/100,0,0,1,0,0
6220,6221,Night Comes On,2018,18+,52/100,0,0,1,0,0
6221,6222,The Special,2020,,52/100,0,0,1,0,0
6222,6223,Andover,2018,16+,52/100,0,0,1,0,0
6223,6224,Betting On The Bride,2017,7+,52/100,0,0,1,0,0
6224,6225,The Iron Mask,1929,,52/100,0,0,1,0,0
6225,6226,Laaga Chunari Mein Daag - Journey of A Woman,2007,13+,52/100,0,0,1,0,0
6226,6227,Anina,2013,,52/100,0,0,1,0,0
6227,6228,Virtual Revolution,2016,,52/100,0,0,1,0,0
6228,6229,Hunt to Kill,2010,18+,52/100,0,0,1,0,0
6229,6230,Enchantment,1948,,52/100,0,0,1,0,0
6230,6231,Charlie & Boots,2009,,52/100,0,0,1,0,0
6231,6232,Everything Is Free,2017,,52/100,0,0,1,0,0
6232,6233,Call Her Ganda,2018,,52/100,0,0,1,0,0
6233,6234,Mujhse Fraaandship Karoge,2011,7+,52/100,0,0,1,0,0
6234,6235,A Most Beautiful Thing,2020,,52/100,0,0,1,0,0
6235,6236,Crossworlds,1996,13+,52/100,0,0,1,0,0
6236,6237,Tashan,2008,7+,52/100,0,0,1,0,0
6237,6238,Atlas Shrugged: Part III,2014,13+,52/100,0,0,1,0,0
6238,6239,Youth in Oregon,2017,,52/100,0,0,1,0,0
6239,6240,The Myth of Fingerprints,1997,18+,52/100,0,0,1,0,0
6240,6241,Chris Porter: Ugly and Angry,2014,,52/100,0,0,1,0,0
6241,6242,Something Ventured,2011,7+,52/100,0,0,1,0,0
6242,6243,Little White Lie,2014,,51/100,0,0,1,0,0
6243,6244,Alyce Kills,2011,,51/100,0,0,1,0,0
6244,6245,Mully,2015,7+,51/100,0,0,1,0,0
6245,6246,The Angry Red Planet,1959,,51/100,0,0,1,0,0
6246,6247,Big Legend,2018,,51/100,0,0,1,0,0
6247,6248,BloodRayne,2005,18+,51/100,0,0,1,0,0
6248,6249,Snow White,1987,7+,51/100,0,0,1,0,0
6249,6250,The Deadly Companions,1961,13+,51/100,0,0,1,0,0
6250,6251,Johnny Frank Garrett's Last Word,2016,,51/100,0,0,1,0,0
6251,6252,Mikey,1992,18+,51/100,0,0,1,0,0
6252,6253,Birthday Wonderland,2019,,51/100,0,0,1,0,0
6253,6254,Iceberg,2005,,51/100,0,0,1,0,0
6254,6255,The Wise Kids,2011,,51/100,0,0,1,0,0
6255,6256,Emma's Chance,2016,7+,51/100,0,0,1,0,0
6256,6257,Meet Wally Sparks,1997,18+,51/100,0,0,1,0,0
6257,6258,John Leguizamo: Ghetto Klown,2014,18+,51/100,0,0,1,0,0
6258,6259,Beyond the Mask,2015,7+,51/100,0,0,1,0,0
6259,6260,The Cry of the Owl,2009,18+,51/100,0,0,1,0,0
6260,6261,Left Behind: World at War,2005,13+,51/100,0,0,1,0,0
6261,6262,Fortress 2,2000,18+,51/100,0,0,1,0,0
6262,6263,Waiting for Lightning,2012,13+,51/100,0,0,1,0,0
6263,6264,Stealing Cars,2016,18+,51/100,0,0,1,0,0
6264,6265,Dirty Pictures,2010,13+,51/100,0,0,1,0,0
6265,6266,I Hate Kids,2019,13+,51/100,0,0,1,0,0
6266,6267,Extreme Movie,2008,18+,51/100,0,0,1,0,0
6267,6268,When We Last Spoke,2020,7+,51/100,0,0,1,0,0
6268,6269,Back to Christmas,2014,7+,51/100,0,0,1,0,0
6269,6270,Unfinished Sky,2007,,51/100,0,0,1,0,0
6270,6271,Satanic,2016,18+,51/100,0,0,1,0,0
6271,6272,Wildflower,2016,13+,51/100,0,0,1,0,0
6272,6273,The Visitors,1972,18+,51/100,0,0,1,0,0
6273,6274,Year of the Gun,1991,18+,51/100,0,0,1,0,0
6274,6275,The Identical,2014,7+,51/100,0,0,1,0,0
6275,6276,Walwal,2018,,51/100,0,0,1,0,0
6276,6277,10 Minutes Gone,2019,18+,51/100,0,0,1,0,0
6277,6278,Cannibal Women in the Avocado Jungle of Death,1989,13+,51/100,0,0,1,0,0
6278,6279,Sólo mía,2001,,51/100,0,0,1,0,0
6279,6280,I Am Not Madame Bovary,2016,,51/100,0,0,1,0,0
6280,6281,Fiddler: A Miracle of Miracles,2019,13+,51/100,0,0,1,0,0
6281,6282,100 Days to Live,2019,,51/100,0,0,1,0,0
6282,6283,The Gospel of John,2014,,51/100,0,0,1,0,0
6283,6284,Tart,2001,18+,51/100,0,0,1,0,0
6284,6285,A Little Bit Zombie,2012,18+,51/100,0,0,1,0,0
6285,6286,Picture Day,2012,18+,51/100,0,0,1,0,0
6286,6287,Some Voices,2000,,51/100,0,0,1,0,0
6287,6288,Bad Asses on the Bayou,2015,18+,51/100,0,0,1,0,0
6288,6289,Dark Tide,2012,13+,51/100,0,0,1,0,0
6289,6290,A Good Man,2014,18+,51/100,0,0,1,0,0
6290,6291,Another Mother's Son,2017,,51/100,0,0,1,0,0
6291,6292,Virginia,2010,18+,51/100,0,0,1,0,0
6292,6293,Raam,2005,,51/100,0,0,1,0,0
6293,6294,Hansel and Gretel,1988,,51/100,0,0,1,0,0
6294,6295,Gladiators of Rome,2012,7+,51/100,0,0,1,0,0
6295,6296,A Mile in His Shoes,2011,7+,51/100,0,0,1,0,0
6296,6297,Third Man Out,2005,18+,51/100,0,0,1,0,0
6297,6298,100 Women,2002,18+,51/100,0,0,1,0,0
6298,6299,Santa Claus,1993,,51/100,0,0,1,0,0
6299,6300,Nota,2018,,51/100,0,0,1,0,0
6300,6301,Eddie Griffin: You Can Tell 'Em I Said It,2011,18+,51/100,0,0,1,0,0
6301,6302,Ride The Thunder,2015,13+,51/100,0,0,1,0,0
6302,6303,Little Red Wagon,2012,7+,51/100,0,0,1,0,0
6303,6304,My Name Was Bette: The Life and Death of an Alcoholic,2011,,51/100,0,0,1,0,0
6304,6305,Daddy,2015,,51/100,0,0,1,0,0
6305,6306,Yeh Dillagi,1994,all,51/100,0,0,1,0,0
6306,6307,Man in the Attic,1953,,51/100,0,0,1,0,0
6307,6308,A Beginner's Guide to Endings,2010,18+,51/100,0,0,1,0,0
6308,6309,Big Kill,2019,18+,51/100,0,0,1,0,0
6309,6310,Elsewhere,2020,18+,51/100,0,0,1,0,0
6310,6311,Rock the Casbah,2013,all,51/100,0,0,1,0,0
6311,6312,What the Constitution Means to Me,2020,,51/100,0,0,1,0,0
6312,6313,Across the Tracks,1991,18+,51/100,0,0,1,0,0
6313,6314,Christmas in Mississippi,2017,7+,51/100,0,0,1,0,0
6314,6315,Smash-Up: The Story of a Woman,1947,,51/100,0,0,1,0,0
6315,6316,Born Invincible,1978,,51/100,0,0,1,0,0
6316,6317,American Dreamer,2019,18+,51/100,0,0,1,0,0
6317,6318,You Cast A Spell On Me,2015,,51/100,0,0,1,0,0
6318,6319,Night of the Running Man,1995,18+,51/100,0,0,1,0,0
6319,6320,The Source of Shadows,2020,,51/100,0,0,1,0,0
6320,6321,Discreet,2008,,51/100,0,0,1,0,0
6321,6322,Vendetta,2015,18+,51/100,0,0,1,0,0
6322,6323,The Cowboy and the Lady,1938,,51/100,0,0,1,0,0
6323,6324,Double Daddy,2015,16+,51/100,0,0,1,0,0
6324,6325,Bad Kids of Crestview Academy,2017,18+,51/100,0,0,1,0,0
6325,6326,Walter,2015,18+,51/100,0,0,1,0,0
6326,6327,Dirtbag: The Legend of Fred Beckey,2017,,51/100,0,0,1,0,0
6327,6328,Borsalino and Co.,1974,13+,51/100,0,0,1,0,0
6328,6329,Kabul Express,2006,7+,51/100,0,0,1,0,0
6329,6330,Angels in the Snow,2015,,51/100,0,0,1,0,0
6330,6331,Into the Sun,2005,18+,51/100,0,0,1,0,0
6331,6332,Tattoo Nation,2013,,51/100,0,0,1,0,0
6332,6333,Make Believe,2011,,51/100,0,0,1,0,0
6333,6334,The Christmas Candle,2013,7+,51/100,0,0,1,0,0
6334,6335,Married by Christmas,2016,7+,51/100,0,0,1,0,0
6335,6336,Plug Love,2017,18+,51/100,0,0,1,0,0
6336,6337,Orphan,2017,,51/100,0,0,1,0,0
6337,6338,Burden,2016,,51/100,0,0,1,0,0
6338,6339,Funny Cow,2018,,51/100,0,0,1,0,0
6339,6340,Elon Musk: The Real Life Iron Man,2018,7+,51/100,0,0,1,0,0
6340,6341,Albion: The Enchanted Stallion,2016,7+,51/100,0,0,1,0,0
6341,6342,Songwriter,1984,18+,51/100,0,0,1,0,0
6342,6343,Mah e Mir,2016,,51/100,0,0,1,0,0
6343,6344,The Incredible Story of the Giant Pear,2017,,51/100,0,0,1,0,0
6344,6345,Twilight Zone: Rod Serling's Lost Classics,1994,,51/100,0,0,1,0,0
6345,6346,Love's Kitchen,2011,13+,51/100,0,0,1,0,0
6346,6347,Second in Command,2006,18+,51/100,0,0,1,0,0
6347,6348,The Odds,2019,,51/100,0,0,1,0,0
6348,6349,Room 6,2006,,51/100,0,0,1,0,0
6349,6350,You and I,2011,18+,51/100,0,0,1,0,0
6350,6351,The Girl from Monaco,2008,18+,51/100,0,0,1,0,0
6351,6352,A Cowgirl's Story,2017,7+,51/100,0,0,1,0,0
6352,6353,Story,1983,,51/100,0,0,1,0,0
6353,6354,Mitron,2018,,51/100,0,0,1,0,0
6354,6355,Bullet Boy,2004,18+,51/100,0,0,1,0,0
6355,6356,A Nutcracker Christmas,2016,all,51/100,0,0,1,0,0
6356,6357,Christmas on the Bayou,2013,7+,51/100,0,0,1,0,0
6357,6358,Holly's Holiday,2012,16+,51/100,0,0,1,0,0
6358,6359,Mere Yaar Ki Shaadi Hai,2002,all,51/100,0,0,1,0,0
6359,6360,Kindred Spirits,2019,,51/100,0,0,1,0,0
6360,6361,Top of the Food Chain,1999,13+,51/100,0,0,1,0,0
6361,6362,Summer Night,2019,,51/100,0,0,1,0,0
6362,6363,Till Human Voices Wake Us,2002,18+,51/100,0,0,1,0,0
6363,6364,The Mothman of Point Pleasant,2017,,50/100,0,0,1,0,0
6364,6365,Out of Time,2019,,50/100,0,0,1,0,0
6365,6366,The Black Velvet Gown,1993,,50/100,0,0,1,0,0
6366,6367,Tubelight,2017,,50/100,0,0,1,0,0
6367,6368,Left Behind II: Tribulation Force,2002,13+,50/100,0,0,1,0,0
6368,6369,See You Soon,2019,18+,50/100,0,0,1,0,0
6369,6370,Mariah Carey's All I Want for Christmas Is You,2017,all,50/100,0,0,1,0,0
6370,6371,Spinster,2020,7+,50/100,0,0,1,0,0
6371,6372,Love's Last Resort,2017,,50/100,0,0,1,0,0
6372,6373,The Go-Between,2015,,50/100,0,0,1,0,0
6373,6374,Gehenna: Where Death Lives,2016,18+,50/100,0,0,1,0,0
6374,6375,The Kid from Brooklyn,1946,,50/100,0,0,1,0,0
6375,6376,Trading Paint,2019,18+,50/100,0,0,1,0,0
6376,6377,Pablo Francisco: Ouch!,2006,7+,50/100,0,0,1,0,0
6377,6378,The C-Word,2015,,50/100,0,0,1,0,0
6378,6379,Befikre,2016,13+,50/100,0,0,1,0,0
6379,6380,Kroos,2019,,50/100,0,0,1,0,0
6380,6381,Yearly Departed,2020,,50/100,0,0,1,0,0
6381,6382,Dynamite Warrior,2006,,50/100,0,0,1,0,0
6382,6383,The Dust Factory,2004,7+,50/100,0,0,1,0,0
6383,6384,Dancing with Maria,2014,,50/100,0,0,1,0,0
6384,6385,The Living Sea,1995,,50/100,0,0,1,0,0
6385,6386,Mike Epps: Under Rated & Never Faded,2009,,50/100,0,0,1,0,0
6386,6387,Aadai,2019,,50/100,0,0,1,0,0
6387,6388,Padi Padi Leche Manasu,2018,,50/100,0,0,1,0,0
6388,6389,Two Step,2015,,50/100,0,0,1,0,0
6389,6390,Grimm Love,2006,18+,50/100,0,0,1,0,0
6390,6391,Speed Kills,2018,18+,50/100,0,0,1,0,0
6391,6392,Big Sur,2013,18+,50/100,0,0,1,0,0
6392,6393,Yellow,2006,18+,50/100,0,0,1,0,0
6393,6394,Happy Birthday,2016,18+,50/100,0,0,1,0,0
6394,6395,Down the Shore,2011,18+,50/100,0,0,1,0,0
6395,6396,The Legion,2020,18+,50/100,0,0,1,0,0
6396,6397,Heatstroke,2013,18+,50/100,0,0,1,0,0
6397,6398,Field of Lost Shoes,2015,13+,50/100,0,0,1,0,0
6398,6399,Doc,1971,18+,50/100,0,0,1,0,0
6399,6400,Blood Brother,2018,18+,50/100,0,0,1,0,0
6400,6401,The Last Days of Lehman Brothers,2009,16+,50/100,0,0,1,0,0
6401,6402,33 & Beyond: The Royal Art of Freemasonry,2017,,50/100,0,0,1,0,0
6402,6403,Stalked by My Doctor,2015,13+,50/100,0,0,1,0,0
6403,6404,Jogwa - The Awakening,2009,,50/100,0,0,1,0,0
6404,6405,The Pond,2021,,50/100,0,0,1,0,0
6405,6406,They Reach,2020,,50/100,0,0,1,0,0
6406,6407,"Westwood: Punk, Icon, Activist",2018,,50/100,0,0,1,0,0
6407,6408,Trouble at Timpetill,2008,,50/100,0,0,1,0,0
6408,6409,Hide and Seek,2000,18+,50/100,0,0,1,0,0
6409,6410,The Little Traitor,2009,7+,50/100,0,0,1,0,0
6410,6411,Kaatrin Mozhi,2018,,50/100,0,0,1,0,0
6411,6412,The Role,2013,,50/100,0,0,1,0,0
6412,6413,Who Gets the Dog?,2016,7+,50/100,0,0,1,0,0
6413,6414,The Hero of Color City,2014,all,50/100,0,0,1,0,0
6414,6415,Britt-Marie Was Here,2019,7+,50/100,0,0,1,0,0
6415,6416,Thomas & Friends: Tale of the Brave: The Movie,2014,all,50/100,0,0,1,0,0
6416,6417,Sound! Euphonium the Movie - Our Promise: A Brand New Day,2019,,50/100,0,0,1,0,0
6417,6418,Maya the Bee: The Honey Games,2018,all,50/100,0,0,1,0,0
6418,6419,One Special Night,1999,7+,50/100,0,0,1,0,0
6419,6420,Dragon Eyes,2012,18+,50/100,0,0,1,0,0
6420,6421,Introspectum Motel,2021,,50/100,0,0,1,0,0
6421,6422,Drive Thru,2007,18+,50/100,0,0,1,0,0
6422,6423,Hope Lost,2015,18+,50/100,0,0,1,0,0
6423,6424,I Had A Bloody Good Time At House Harker,2016,,50/100,0,0,1,0,0
6424,6425,Clifford's Really Big Movie,2004,all,50/100,0,0,1,0,0
6425,6426,The Second Woman,1950,,50/100,0,0,1,0,0
6426,6427,Mourning Son,2015,,50/100,0,0,1,0,0
6427,6428,The Perfect Wedding,2012,,50/100,0,0,1,0,0
6428,6429,A Christmas Switch,2018,all,50/100,0,0,1,0,0
6429,6430,Piccadilly Jim,2004,16+,50/100,0,0,1,0,0
6430,6431,Not Forgotten,2009,18+,50/100,0,0,1,0,0
6431,6432,Sleepwalker,2017,,50/100,0,0,1,0,0
6432,6433,Full Moon High,1981,7+,50/100,0,0,1,0,0
6433,6434,The Hollow Child,2018,18+,50/100,0,0,1,0,0
6434,6435,Cat Skin,2017,,50/100,0,0,1,0,0
6435,6436,The Unnamable,1988,18+,50/100,0,0,1,0,0
6436,6437,Jaanwar,1999,,50/100,0,0,1,0,0
6437,6438,First Period,2013,,50/100,0,0,1,0,0
6438,6439,Christmas Belle,2013,7+,50/100,0,0,1,0,0
6439,6440,Attack of the Crab Monsters,1957,,50/100,0,0,1,0,0
6440,6441,"Stallone: Frank, That Is",2021,,50/100,0,0,1,0,0
6441,6442,Hard Luck,2006,18+,50/100,0,0,1,0,0
6442,6443,LolliLove,2004,,50/100,0,0,1,0,0
6443,6444,Max Reload and the Nether Blasters,2020,13+,50/100,0,0,1,0,0
6444,6445,M.C.A,2017,,50/100,0,0,1,0,0
6445,6446,Iceberg Slim: Portrait of a Pimp,2012,18+,50/100,0,0,1,0,0
6446,6447,Bottom of the 9th,2019,18+,50/100,0,0,1,0,0
6447,6448,Half of a Yellow Sun,2013,18+,50/100,0,0,1,0,0
6448,6449,The Gospel of Matthew,2014,,50/100,0,0,1,0,0
6449,6450,The Somme,2005,,50/100,0,0,1,0,0
6450,6451,A Year in Burgundy,2013,,50/100,0,0,1,0,0
6451,6452,Behind Green Lights,1946,,50/100,0,0,1,0,0
6452,6453,Bad Blood: A Cautionary Tale,2010,,50/100,0,0,1,0,0
6453,6454,Aravind SA - Madrasi Da,2017,,50/100,0,0,1,0,0
6454,6455,Maximum Ride,2016,13+,50/100,0,0,1,0,0
6455,6456,Wilder Napalm,1993,13+,50/100,0,0,1,0,0
6456,6457,A Deadly Silence,1989,,50/100,0,0,1,0,0
6457,6458,Ephraim's Rescue,2013,7+,50/100,0,0,1,0,0
6458,6459,Bloodlines,2010,,50/100,0,0,1,0,0
6459,6460,Gamera vs. Barugon,1966,,50/100,0,0,1,0,0
6460,6461,Blood Born,2021,,50/100,0,0,1,0,0
6461,6462,Jim Norton: Please Be Offended,2012,18+,50/100,0,0,1,0,0
6462,6463,Fresh Dressed,2015,,50/100,0,0,1,0,0
6463,6464,The Amazing Mr Blunden,1972,all,50/100,0,0,1,0,0
6464,6465,Shadow Puppets,2007,13+,50/100,0,0,1,0,0
6465,6466,Gamera vs. Gyaos,1967,,50/100,0,0,1,0,0
6466,6467,House Hunting,2013,18+,50/100,0,0,1,0,0
6467,6468,Darkness Falls,2020,,50/100,0,0,1,0,0
6468,6469,Begum Jaan,2017,18+,50/100,0,0,1,0,0
6469,6470,The Art of War II: Betrayal,2008,18+,50/100,0,0,1,0,0
6470,6471,The Winter Lake,2020,18+,50/100,0,0,1,0,0
6471,6472,Allure,2018,,50/100,0,0,1,0,0
6472,6473,Jake Shimabukuro: Life on Four Strings,2012,,50/100,0,0,1,0,0
6473,6474,Interrogation,2016,18+,50/100,0,0,1,0,0
6474,6475,A Girl Like Grace,2015,13+,50/100,0,0,1,0,0
6475,6476,Prisoner X,2016,,50/100,0,0,1,0,0
6476,6477,Crazy for Christmas,2005,7+,50/100,0,0,1,0,0
6477,6478,Abilene Town,1946,,50/100,0,0,1,0,0
6478,6479,Jack and Jill vs. The World,2008,13+,50/100,0,0,1,0,0
6479,6480,Almost Mercy,2015,,49/100,0,0,1,0,0
6480,6481,A Million Happy Nows,2017,16+,49/100,0,0,1,0,0
6481,6482,Run for the Sun,1956,,49/100,0,0,1,0,0
6482,6483,The Magnetic Monster,1953,,49/100,0,0,1,0,0
6483,6484,Ardab Mutiyaran,2019,,49/100,0,0,1,0,0
6484,6485,Happy Go Lovely,1951,,49/100,0,0,1,0,0
6485,6486,Summer,2008,,49/100,0,0,1,0,0
6486,6487,Impact After the Crash,2013,,49/100,0,0,1,0,0
6487,6488,A Haunting on Dice Road: The Hell House,2016,,49/100,0,0,1,0,0
6488,6489,"Goodbye, Butterfly",2021,,49/100,0,0,1,0,0
6489,6490,Commando 2 - The Black Money Trail,2017,,49/100,0,0,1,0,0
6490,6491,The Village of No Return,2017,,49/100,0,0,1,0,0
6491,6492,Teen Lust,2014,18+,49/100,0,0,1,0,0
6492,6493,Antarctica,2020,,49/100,0,0,1,0,0
6493,6494,Frankenstein,2004,18+,49/100,0,0,1,0,0
6494,6495,Soulless 2,2015,,49/100,0,0,1,0,0
6495,6496,Tom Papa: Freaked Out,2013,16+,49/100,0,0,1,0,0
6496,6497,The Jack in the Box,2020,,49/100,0,0,1,0,0
6497,6498,Keiko The Untold Story of the Star of Free Willy,2013,,49/100,0,0,1,0,0
6498,6499,The Monkey's Paw,2013,,49/100,0,0,1,0,0
6499,6500,The Creepy Line,2018,,49/100,0,0,1,0,0
6500,6501,Hotel Splendide,2000,,49/100,0,0,1,0,0
6501,6502,Kathleen Madigan: Madigan Again,2013,,49/100,0,0,1,0,0
6502,6503,Embryo,1976,7+,49/100,0,0,1,0,0
6503,6504,Incognito,2009,,49/100,0,0,1,0,0
6504,6505,Talent for the Game,1991,7+,49/100,0,0,1,0,0
6505,6506,Piggy,2012,18+,49/100,0,0,1,0,0
6506,6507,Highlander: The Source,2007,18+,49/100,0,0,1,0,0
6507,6508,The North Star,1943,,49/100,0,0,1,0,0
6508,6509,Sunshine Hotel,2001,,49/100,0,0,1,0,0
6509,6510,Meet My Valentine,2015,7+,49/100,0,0,1,0,0
6510,6511,Love & Hostages,2016,18+,49/100,0,0,1,0,0
6511,6512,Christmas Do-Over,2006,7+,49/100,0,0,1,0,0
6512,6513,Romans,2017,18+,49/100,0,0,1,0,0
6513,6514,One True Love,2008,,49/100,0,0,1,0,0
6514,6515,Act Naturally,2011,,49/100,0,0,1,0,0
6515,6516,Cowgirls n' Angels,2012,7+,49/100,0,0,1,0,0
6516,6517,Abducted: Fugitive for Love,2007,16+,49/100,0,0,1,0,0
6517,6518,Tom Papa: Human Mule,2016,16+,49/100,0,0,1,0,0
6518,6519,What Haunts Us,2017,18+,49/100,0,0,1,0,0
6519,6520,The Beast And The Beauty,2005,,49/100,0,0,1,0,0
6520,6521,The Ultimate Legacy,2015,7+,49/100,0,0,1,0,0
6521,6522,The Fabulous Allan Carr,2017,,49/100,0,0,1,0,0
6522,6523,Off The Menu,2018,,49/100,0,0,1,0,0
6523,6524,A Breed Apart,1984,18+,49/100,0,0,1,0,0
6524,6525,The Liberation of L.B. Jones,1970,18+,49/100,0,0,1,0,0
6525,6526,What Remains,2005,,49/100,0,0,1,0,0
6526,6527,The Mystery of a Hansom Cab,2012,16+,49/100,0,0,1,0,0
6527,6528,Food and Shelter,2015,,49/100,0,0,1,0,0
6528,6529,The Perils of Pauline,1947,,49/100,0,0,1,0,0
6529,6530,Enai Noki Paayum Thota,2019,,49/100,0,0,1,0,0
6530,6531,Little Annie Rooney,1925,,49/100,0,0,1,0,0
6531,6532,A Year and Change,2015,,49/100,0,0,1,0,0
6532,6533,Enter the Dangerous Mind,2013,,49/100,0,0,1,0,0
6533,6534,Born of Fire,1987,18+,49/100,0,0,1,0,0
6534,6535,Sundown,1941,,49/100,0,0,1,0,0
6535,6536,Double Mommy,2016,16+,49/100,0,0,1,0,0
6536,6537,Nancy Drew... Reporter,1939,,49/100,0,0,1,0,0
6537,6538,Aurangzeb,2013,,49/100,0,0,1,0,0
6538,6539,Daydream Believers: The Monkees Story,2000,13+,49/100,0,0,1,0,0
6539,6540,Porky's 3: Revenge,1985,18+,49/100,0,0,1,0,0
6540,6541,Camp Cool Kids,2017,7+,49/100,0,0,1,0,0
6541,6542,Gamera vs. Jiger,1970,,49/100,0,0,1,0,0
6542,6543,I'm in Love with a Church Girl,2013,7+,49/100,0,0,1,0,0
6543,6544,Love is the Word,2013,,49/100,0,0,1,0,0
6544,6545,Red Headed Stranger,1986,18+,49/100,0,0,1,0,0
6545,6546,Naachiyaar,2018,,49/100,0,0,1,0,0
6546,6547,Family Band: The Cowsills Story,2011,,49/100,0,0,1,0,0
6547,6548,Division III: Football's Finest,2011,18+,49/100,0,0,1,0,0
6548,6549,Old Gringo,1989,18+,49/100,0,0,1,0,0
6549,6550,Cider with Rosie,2015,,49/100,0,0,1,0,0
6550,6551,Shark Bait,2006,all,49/100,0,0,1,0,0
6551,6552,F2: Fun and Frustration,2019,7+,49/100,0,0,1,0,0
6552,6553,Gallowwalkers,2012,18+,49/100,0,0,1,0,0
6553,6554,The Climbers,2019,,49/100,0,0,1,0,0
6554,6555,The Gospel of Eureka,2018,,49/100,0,0,1,0,0
6555,6556,Blue Juice,1995,18+,49/100,0,0,1,0,0
6556,6557,Venky Mama,2019,13+,49/100,0,0,1,0,0
6557,6558,The Green Glove,1952,,49/100,0,0,1,0,0
6558,6559,The Last Days of Patton,1986,7+,49/100,0,0,1,0,0
6559,6560,Lewis Black: Black to the Future,2016,,49/100,0,0,1,0,0
6560,6561,Inmate Zero,2020,16+,49/100,0,0,1,0,0
6561,6562,Gary Gulman: In This Economy?,2012,7+,49/100,0,0,1,0,0
6562,6563,"Love, Kennedy",2017,7+,49/100,0,0,1,0,0
6563,6564,Kill Dil,2014,13+,49/100,0,0,1,0,0
6564,6565,My Dad's Christmas Date,2020,,49/100,0,0,1,0,0
6565,6566,How Awful About Allan,1970,7+,49/100,0,0,1,0,0
6566,6567,Making Babies,2019,,49/100,0,0,1,0,0
6567,6568,Lazy Susan,2020,,49/100,0,0,1,0,0
6568,6569,Chutney Popcorn,2001,13+,49/100,0,0,1,0,0
6569,6570,Last Woman on Earth,1960,,49/100,0,0,1,0,0
6570,6571,Shut Him Down: The Rise of Jordan Peterson,2018,,49/100,0,0,1,0,0
6571,6572,Evel Knievel,1971,,49/100,0,0,1,0,0
6572,6573,Milton's Secret,2016,7+,49/100,0,0,1,0,0
6573,6574,Silent Trigger,1996,18+,49/100,0,0,1,0,0
6574,6575,The Condemned 2,2015,18+,49/100,0,0,1,0,0
6575,6576,A Dog Barking at the Moon,2019,,49/100,0,0,1,0,0
6576,6577,A Child's Christmas in Wales,1987,,49/100,0,0,1,0,0
6577,6578,You Belong to Me,2007,,49/100,0,0,1,0,0
6578,6579,Cowboy Up,2002,13+,49/100,0,0,1,0,0
6579,6580,The Zero Boys,1986,18+,49/100,0,0,1,0,0
6580,6581,The Foreigner,2003,18+,49/100,0,0,1,0,0
6581,6582,The Sci-Fi Boys,2006,,49/100,0,0,1,0,0
6582,6583,The Gospel of Mark,2015,,49/100,0,0,1,0,0
6583,6584,Love & Coffee,2016,,49/100,0,0,1,0,0
6584,6585,Sinbad: Where U Been?,2010,,49/100,0,0,1,0,0
6585,6586,Dawn Rider,2012,18+,49/100,0,0,1,0,0
6586,6587,The Mystery of the Sphinx,1993,7+,49/100,0,0,1,0,0
6587,6588,All Roads Lead Home,2008,7+,49/100,0,0,1,0,0
6588,6589,Boynton Beach Club,2005,18+,49/100,0,0,1,0,0
6589,6590,Chicago Overcoat,2009,18+,49/100,0,0,1,0,0
6590,6591,Dummy,2008,,49/100,0,0,1,0,0
6591,6592,Don't Let Them In,2020,,49/100,0,0,1,0,0
6592,6593,Slappy and the Stinkers,1998,7+,49/100,0,0,1,0,0
6593,6594,Kidnapped: The Hannah Anderson Story,2015,16+,49/100,0,0,1,0,0
6594,6595,Paper Mask,1990,18+,49/100,0,0,1,0,0
6595,6596,The Son of Monte Cristo,1940,,49/100,0,0,1,0,0
6596,6597,Venus and Serena,2012,13+,49/100,0,0,1,0,0
6597,6598,Santa Who?,2000,,49/100,0,0,1,0,0
6598,6599,Life in Color,2015,,49/100,0,0,1,0,0
6599,6600,Speckles: The Tarbosaurus,2012,,49/100,0,0,1,0,0
6600,6601,Big Sonia,2017,,49/100,0,0,1,0,0
6601,6602,Hate Crime,2006,18+,49/100,0,0,1,0,0
6602,6603,Love Games,2016,,49/100,0,0,1,0,0
6603,6604,Chandigarh Amritsar Chandigarh,2019,,49/100,0,0,1,0,0
6604,6605,Sniper: Special Ops,2016,18+,49/100,0,0,1,0,0
6605,6606,The Perfect Stranger,2005,all,49/100,0,0,1,0,0
6606,6607,The Time of Your Life,1948,,49/100,0,0,1,0,0
6607,6608,Derrida,2002,,49/100,0,0,1,0,0
6608,6609,Somebody's Hero,2012,,49/100,0,0,1,0,0
6609,6610,Muffin Top: A Love Story,2014,18+,49/100,0,0,1,0,0
6610,6611,Six Weeks,1982,7+,49/100,0,0,1,0,0
6611,6612,Psycho Bettys from Planet Pussycat,2011,,48/100,0,0,1,0,0
6612,6613,Never Too Late,2020,16+,48/100,0,0,1,0,0
6613,6614,Hum Aapke Dil Mein Rehte Hain,1999,,48/100,0,0,1,0,0
6614,6615,Invisible Ghost,1941,,48/100,0,0,1,0,0
6615,6616,Popi,1969,all,48/100,0,0,1,0,0
6616,6617,The Mouse on the Moon,1963,,48/100,0,0,1,0,0
6617,6618,Sweet Karma,2009,18+,48/100,0,0,1,0,0
6618,6619,The Grief Tourist,2013,18+,48/100,0,0,1,0,0
6619,6620,New Life,2016,7+,48/100,0,0,1,0,0
6620,6621,Alley Cat,1984,18+,48/100,0,0,1,0,0
6621,6622,Exit Speed,2008,18+,48/100,0,0,1,0,0
6622,6623,Street Dogs of South Central,2013,18+,48/100,0,0,1,0,0
6623,6624,Rent-a-Cop,1987,18+,48/100,0,0,1,0,0
6624,6625,David Cross: Oh Come On,2019,18+,48/100,0,0,1,0,0
6625,6626,Tapped Out,2014,18+,48/100,0,0,1,0,0
6626,6627,Steve-O: Guilty as Charged,2016,18+,48/100,0,0,1,0,0
6627,6628,Jim Breuer: And Laughter for All,2013,7+,48/100,0,0,1,0,0
6628,6629,Duress,2009,18+,48/100,0,0,1,0,0
6629,6630,Playback,2012,18+,48/100,0,0,1,0,0
6630,6631,Prince Among Slaves,2008,7+,48/100,0,0,1,0,0
6631,6632,Ekkadiki Pothavu Chinnavada,2016,,48/100,0,0,1,0,0
6632,6633,Beneath The Leaves,2019,18+,48/100,0,0,1,0,0
6633,6634,Halloween Party,2019,16+,48/100,0,0,1,0,0
6634,6635,Savage X Fenty Show Vol. 2,2020,,48/100,0,0,1,0,0
6635,6636,Ticker,2001,18+,48/100,0,0,1,0,0
6636,6637,The In Crowd,2000,13+,48/100,0,0,1,0,0
6637,6638,Black Jack Pershing: Love and War,2017,,48/100,0,0,1,0,0
6638,6639,Kinshasa Makambo,2018,,48/100,0,0,1,0,0
6639,6640,The Color of Time,2012,18+,48/100,0,0,1,0,0
6640,6641,Disco Godfather,1979,18+,48/100,0,0,1,0,0
6641,6642,Marilyn Monroe: Beyond the Legend,1987,,48/100,0,0,1,0,0
6642,6643,The Deflowering of Eva van End,2012,18+,48/100,0,0,1,0,0
6643,6644,We'll Never Have Paris,2014,18+,48/100,0,0,1,0,0
6644,6645,For the Emperor,2014,,48/100,0,0,1,0,0
6645,6646,The Philly Kid,2012,18+,48/100,0,0,1,0,0
6646,6647,Netherbeast Incorporated,2007,13+,48/100,0,0,1,0,0
6647,6648,Born to Win,1971,18+,48/100,0,0,1,0,0
6648,6649,The Science Of Fasting,2013,,48/100,0,0,1,0,0
6649,6650,Sisters of War,2010,,48/100,0,0,1,0,0
6650,6651,Killer Sofa,2019,,48/100,0,0,1,0,0
6651,6652,Aida's Secrets,2016,,48/100,0,0,1,0,0
6652,6653,What the Waters Left Behind,2017,,48/100,0,0,1,0,0
6653,6654,Brad Williams: Daddy Issues,2016,18+,48/100,0,0,1,0,0
6654,6655,Bad Seed,2000,18+,48/100,0,0,1,0,0
6655,6656,Casey's Shadow,1978,7+,48/100,0,0,1,0,0
6656,6657,Redwood Highway,2013,13+,48/100,0,0,1,0,0
6657,6658,Ente Ummante Peru,2018,,48/100,0,0,1,0,0
6658,6659,Stalked by My Doctor: The Return,2016,16+,48/100,0,0,1,0,0
6659,6660,Halal Love Story,2020,,48/100,0,0,1,0,0
6660,6661,Srinivasa Kalyanam,2018,,48/100,0,0,1,0,0
6661,6662,She's In Portland,2020,18+,48/100,0,0,1,0,0
6662,6663,Corporate,2017,13+,48/100,0,0,1,0,0
6663,6664,Kickboxer 3: The Art of War,1992,18+,48/100,0,0,1,0,0
6664,6665,Threshold,1981,7+,48/100,0,0,1,0,0
6665,6666,You Are My Sunshine,2005,all,48/100,0,0,1,0,0
6666,6667,Getting to Know You,2020,,48/100,0,0,1,0,0
6667,6668,Richard Pryor: Icon,2014,,48/100,0,0,1,0,0
6668,6669,The Green Promise,1949,,48/100,0,0,1,0,0
6669,6670,Stalked by My Neighbor,2015,16+,48/100,0,0,1,0,0
6670,6671,730,2015,18+,48/100,0,0,1,0,0
6671,6672,Once is Enough,2020,7+,48/100,0,0,1,0,0
6672,6673,Carolina Skeletons,1991,18+,48/100,0,0,1,0,0
6673,6674,Vijay,1988,7+,48/100,0,0,1,0,0
6674,6675,Sri Rama Rajyam,2011,,48/100,0,0,1,0,0
6675,6676,My Pal Trigger,1946,,48/100,0,0,1,0,0
6676,6677,Crime Insiders,2007,18+,48/100,0,0,1,0,0
6677,6678,Jim Breuer: Let's Clear the Air,2009,,48/100,0,0,1,0,0
6678,6679,Thomas & Friends: King of the Railway,2013,all,48/100,0,0,1,0,0
6679,6680,Something to Sing About,1937,,48/100,0,0,1,0,0
6680,6681,Spark: A Space Tail,2016,7+,48/100,0,0,1,0,0
6681,6682,Con Man,2018,,48/100,0,0,1,0,0
6682,6683,It's So Easy and Other Lies,2016,18+,48/100,0,0,1,0,0
6683,6684,My Normal,2010,,48/100,0,0,1,0,0
6684,6685,Dinosaur Island,2014,7+,48/100,0,0,1,0,0
6685,6686,"Papita, maní, tostón",2013,,48/100,0,0,1,0,0
6686,6687,Past Midnight,1991,18+,48/100,0,0,1,0,0
6687,6688,An American Carol,2008,13+,48/100,0,0,1,0,0
6688,6689,No Clue,2014,,48/100,0,0,1,0,0
6689,6690,Red Woods,2021,,48/100,0,0,1,0,0
6690,6691,Cell 213,2011,18+,48/100,0,0,1,0,0
6691,6692,My Santa,2013,7+,48/100,0,0,1,0,0
6692,6693,Dr. Goldfoot and the Girl Bombs,1966,18+,48/100,0,0,1,0,0
6693,6694,Xchange,2001,18+,48/100,0,0,1,0,0
6694,6695,Tell Your Children,1936,7+,48/100,0,0,1,0,0
6695,6696,Paris by Night,2012,7+,48/100,0,0,1,0,0
6696,6697,The Haunting of Sharon Tate,2019,18+,48/100,0,0,1,0,0
6697,6698,Lake Effects,2012,,48/100,0,0,1,0,0
6698,6699,The Lift,2021,,48/100,0,0,1,0,0
6699,6700,The Gospel of Luke,2015,,48/100,0,0,1,0,0
6700,6701,Bhaji on the Beach,1993,18+,48/100,0,0,1,0,0
6701,6702,Steep,2007,7+,48/100,0,0,1,0,0
6702,6703,An Affair,1998,,48/100,0,0,1,0,0
6703,6704,Road Less Traveled,2017,,48/100,0,0,1,0,0
6704,6705,Bad Hurt,2016,,48/100,0,0,1,0,0
6705,6706,Lincoln@Gettysburg,2013,7+,48/100,0,0,1,0,0
6706,6707,Pain Warriors,2019,,48/100,0,0,1,0,0
6707,6708,Dakota's Summer,2014,7+,48/100,0,0,1,0,0
6708,6709,Tennessee Whiskey: The Dean Dillon Story,2017,,48/100,0,0,1,0,0
6709,6710,A Christmas in Royal Fashion,2018,,48/100,0,0,1,0,0
6710,6711,Violets Are Blue,1986,13+,48/100,0,0,1,0,0
6711,6712,Modris,2014,,48/100,0,0,1,0,0
6712,6713,Time of Death,2013,,48/100,0,0,1,0,0
6713,6714,Whistle Stop,1946,,48/100,0,0,1,0,0
6714,6715,Cheers For Miss Bishop,1941,,48/100,0,0,1,0,0
6715,6716,Dabangg 3,2019,,48/100,0,0,1,0,0
6716,6717,Brother Nature,2016,18+,48/100,0,0,1,0,0
6717,6718,Camp Cold Brook,2018,18+,48/100,0,0,1,0,0
6718,6719,Zoombies,2016,16+,48/100,0,0,1,0,0
6719,6720,Eat My Dust,1976,7+,48/100,0,0,1,0,0
6720,6721,Welcome to the Hartmanns,2016,,48/100,0,0,1,0,0
6721,6722,My Pet Dinosaur,2017,7+,48/100,0,0,1,0,0
6722,6723,Matt Braunger: Big Dumb Animal,2015,18+,48/100,0,0,1,0,0
6723,6724,Ace of Hearts,2008,7+,48/100,0,0,1,0,0
6724,6725,The Alpha Test,2021,,48/100,0,0,1,0,0
6725,6726,The Marksman,2005,18+,48/100,0,0,1,0,0
6726,6727,The Hunted,2014,13+,48/100,0,0,1,0,0
6727,6728,Windows,1980,18+,48/100,0,0,1,0,0
6728,6729,The Consequence,1977,,48/100,0,0,1,0,0
6729,6730,Space Dogs,2010,all,48/100,0,0,1,0,0
6730,6731,Babysitter,2015,,48/100,0,0,1,0,0
6731,6732,Anita,2013,,48/100,0,0,1,0,0
6732,6733,Kadaram Kondan,2019,,48/100,0,0,1,0,0
6733,6734,In Search of Mozart,2006,,47/100,0,0,1,0,0
6734,6735,The Gardener,2017,all,47/100,0,0,1,0,0
6735,6736,Siddharth,2013,all,47/100,0,0,1,0,0
6736,6737,Herb,2007,,47/100,0,0,1,0,0
6737,6738,The Escape of Prisoner 614,2018,13+,47/100,0,0,1,0,0
6738,6739,Don Q Son of Zorro,1925,,47/100,0,0,1,0,0
6739,6740,Unlikely Angel,1996,7+,47/100,0,0,1,0,0
6740,6741,Escape From a Nazi Death Camp,2014,7+,47/100,0,0,1,0,0
6741,6742,Ice Blues,2008,18+,47/100,0,0,1,0,0
6742,6743,Wheeler,2017,7+,47/100,0,0,1,0,0
6743,6744,The House Across the Bay,1940,,47/100,0,0,1,0,0
6744,6745,Close Range,2015,18+,47/100,0,0,1,0,0
6745,6746,Thunder Alley,1985,18+,47/100,0,0,1,0,0
6746,6747,The Surface,2014,,47/100,0,0,1,0,0
6747,6748,Beta,1992,,47/100,0,0,1,0,0
6748,6749,Gabriela,1983,18+,47/100,0,0,1,0,0
6749,6750,Rufus,2013,18+,47/100,0,0,1,0,0
6750,6751,Ruby's Studio: the Feelings Show,2010,,47/100,0,0,1,0,0
6751,6752,Yajamana,2019,,47/100,0,0,1,0,0
6752,6753,Silver Wolf,1999,all,47/100,0,0,1,0,0
6753,6754,Lake City,2008,18+,47/100,0,0,1,0,0
6754,6755,A Husband for Christmas,2016,7+,47/100,0,0,1,0,0
6755,6756,Savyasachi,2018,,47/100,0,0,1,0,0
6756,6757,The Tiger Hunter,2017,,47/100,0,0,1,0,0
6757,6758,Criminally Insane,1975,18+,47/100,0,0,1,0,0
6758,6759,Of Two Minds,2012,,47/100,0,0,1,0,0
6759,6760,Grace,2018,16+,47/100,0,0,1,0,0
6760,6761,Gamera vs. Guiron,1969,,47/100,0,0,1,0,0