imdb_id;description
tt0108174;"The poster of So I Married an Axe Murderer"" highlights a dark comedy theme blending humor with a sinister edge. The title suggests intrigue and absurdity. The imagery of the bride holding an axe indicates a mix of romantic and ominous tones promising unexpected twists and ironic situations. The tagline ""A Comedy with an Edge reinforces the contrast between lighthearted and eerie elements. Viewers can expect to feel amusement, suspense, and a quirky sense of humor while engaging with the film's unconventional storyline and satirical characteristics."
tt0108185;The poster for *Sommersby* conveys a romantic and dramatic style, emphasizing themes of love, intimacy, and mystery. The soft lighting and warm tones create a historical and rustic setting, suggesting a period drama. The tagline, She knew his face. His touch. His voice. She knew everything about him... But the truth hints at suspense and emotional conflict. Viewers might experience feelings of intrigue, longing, and tension as they uncover secrets intertwined with passionate and complex relationships.
tt0108186;"The poster for Son in Law"" suggests a comedic style with exaggerated humor as indicated by the tagline ""Outrageously Funny!"" The rural farm setting with a red barn and stereotypical Midwest attire contrasts sharply with the quirky unconventional appearance of the main character holding a pitchfork. This visual clash hints at themes of fish-out-of-water comedy and culture clash. Viewers may experience feelings of amusement and lightheartedness while watching the movie with an emphasis on familial dynamics and comedic misunderstandings. The tagline ""He's a relative nightmare"" conveys humor mixed with mild chaos in relationships."
tt6343314;After dominating the boxing world, Adonis Creed has been thriving in both his career and family life. When a childhood friend and former boxing prodigy, Damien Anderson, resurfaces after serving a long sentence in prison, he is eager to prove that he deserves his shot in the ring. The face-off between former friends is more than just a fight. To settle the score, Adonis must put his future on the line to battle Damien — a fighter who has nothing to lose.
tt0108187;"The poster for *Son of the Pink Panther* suggests a comedic film with slapstick elements. The tagline Funny has a color all its own"" hints at quirky humor and uniqueness. The playful depiction of the cartoonish pink arm pointing reinforces the connection to the iconic Pink Panther franchise known for absurdity and physical comedy. The exaggerated pose and uniform of the character pictured reflect clumsiness or bumbling antics. Audiences can expect feelings of amusement laughter and a lighthearted escape typical of classic comedy films associated with the Pink Panther series."
tt0108207;"The poster for *Splitting Heirs* suggests a comedic movie set in a royal or aristocratic context, as indicated by the crowns, ornate attire, and coat of arms. The tagline A wickedly funny comedy of royal proportions"" reinforces this hinting at humor centered around inheritance and family drama. The scissors cutting through the fabric in the top right corner could symbolize division or conflict presumably over wealth or titles. The style suggests a satirical and absurd tone. Emotions viewers might feel include amusement lightheartedness and possibly intrigue over the chaotic events that unfold."
tt0108234;"The movie Street Knight featuring Jeff Speakman and an 18+ rating, exudes an action-packed and gritty urban style, as seen from the title design and nighttime cityscape backdrop. The tagline One Man No Limits"" indicates a lone hero narrative likely involving high stakes intense confrontations and personal resolve. The gun prominently displayed signifies themes of danger combat and justice. Viewers can expect feelings of adrenaline tension and excitement in this vigilante-style thriller commonly associated with action or crime genres. The Cannon logo suggests a classic ‘90s action aesthetic."
tt0108238;The movie poster for *Striking Distance* suggests a high-stakes, action-oriented thriller with suspenseful elements. The image of a speedboat cutting through turbulent waves implies fast-paced action in a potentially dangerous or high-pressure environment. The tagline, “They shouldn't have put him in the water if they didn’t want him to make waves,” hints at a determined protagonist seeking justice or revenge. Viewers might experience emotions like tension, excitement, and anticipation. The dark tones and dynamic water imagery evoke feelings of danger and urgency, reinforcing the dramatic nature of the story.
tt0212720;"The poster for A.I. Artificial Intelligence"" features a stark design emphasizing a child-like figure suggesting themes of innocence and artificiality. The text highlights David's age weight and height evoking curiosity and empathy regarding his character. The silhouette of a boy alongside a shadow indicates a blend of humanity and technology hinting at the film's exploration of love and identity. Viewers may experience a range of emotions including sadness wonder and contemplation about the nature of consciousness and the emotional connections between humans and machines. The minimalist approach enhances the film’s thought-provoking essence."
tt0108255;The poster for *Super Mario Bros.* depicts a live-action, adventure-based movie with a futuristic, action-filled aesthetic. The tagline “It’s A Blast!” and “This Ain’t No Game, It’s A Live-Action Thrill Ride!” suggest high energy and excitement. The dark, neon-lit visuals paired with the combat-ready poses of the characters indicate a mix of action, sci-fi, and fantasy elements. Watching this movie may evoke emotions like thrill, curiosity, and nostalgia, especially for fans of the original video game series. The prominent metallic “M” in the background enhances the futuristic and edgy tone of the film.
tt0108258;"The poster suggests a fun, action-comedy movie with martial arts and adventure elements. The visual blend of surfing and ninja themes indicates a unique, quirky storyline. The tagline Surf's Up! Time To Save The World!"" hints at a lighthearted heroic narrative. Water splashes and dynamic poses imply energetic fast-paced scenes with a strong emphasis on action and humor. Emotions viewers might feel include excitement amusement and nostalgia if they're familiar with 90s-style movies. The vibrant imagery and adventurous tone suggest the film is family-friendly and entertaining."
tt0108265;"The poster for *Swing Kids* suggests a dramatic and historical movie style, set during a time of upheaval (In a world on the brink of war""). The highlighted swing dancing imagery conveys themes of rebellion freedom and self-expression amidst a constrained authoritarian atmosphere. The tagline implies moral and emotional conflict giving a sense of tension and defiance. Viewers might feel a mix of exhilaration from the dancing and somberness from the historical wartime setting creating a blend of joy resistance and gravity."
tt0108308;The poster shows the four Teenage Mutant Ninja Turtles wearing samurai helmets, with one holding a lantern, signifying elements of adventure and possibly time travel or cultural exploration. The bright yellow background and red Japanese kanji suggest an energetic, action-packed movie with an Eastern influence. Their expressions range from serious to playful, hinting at humor mixed with action. The film’s title and design indicate it belongs to a family-friendly and comedic action genre. Viewers can expect emotions like excitement, amusement, and nostalgia, particularly if they are already fans of the franchise.
tt0108311;The poster suggests a suspenseful and mysterious movie style, as evidenced by its dark, moody color palette and minimalist design. The tagline praises the film as “serpentine, classy, and slick,” implying a sophisticated thriller with twists that will keep viewers engaged. The emotions evoked may include intrigue, tension, and excitement, aligning with the themes of suspense and unpredictability. The 15+ age rating indicates some mature content.
tt0108320;The poster suggests a nostalgic, coming-of-age movie set in the 1960s, as indicated by the title font and clothing styles. The imagery evokes themes of youth, friendship, freedom, and the societal changes of the era. The warm colors and casual postures suggest a reflective and bittersweet tone. Emotions viewers might experience include nostalgia, empathy for the characters, and introspection about carefree youth, turbulent times, and personal growth. The tagline emphasizes it being the summer of '65 implying a focus on transition, the cultural revolution, or historical backdrop. The vintage cars further enhance the period-specific setting of the film.
tt0108327;The poster for *The Thing Called Love: Director's Cut* suggests a movie with a mix of romance, drama, and a strong musical or country theme. The prominent display of cowboy hats paired with a highway setting conveys a Southern or rural Americana vibe. The central figure's confident stance and attire indicate themes of independence or personal ambition. The emotions viewers may experience include hope, longing, and inspiration, likely revolving around aspirations, relationships, and self-discovery. The cast names, including River Phoenix and Sandra Bullock, suggest notable performances anchored in emotive storytelling and character-driven plotlines.
tt0108328;"The poster for *Thirty Two Short Films About Glenn Gould* suggests an artistic and introspective tone. The visual design, featuring a man standing on oversized piano keys amid a vast sky, evokes themes of creativity, music, and genius. Words such as the sound of genius"" and praise like ""Brilliant and transfixing!"" emphasize intellectual and emotional engagement. The style appears experimental focusing on musical brilliance. Viewers might feel wonder inspiration and contemplation reflecting on the life and artistry of Glenn Gould. The minimalistic imagery signals a focus on the subject’s essence rather than traditional narrative storytelling."
tt0108330;The poster for *This Boy's Life* communicates a dramatic and emotionally intense movie style. The names of renowned actors—Robert De Niro, Ellen Barkin, and Leonardo DiCaprio—suggest powerful performances. The imagery conveys a mix of intimacy and tension, hinting at themes of family dynamics and personal struggles. The subdued color palette and serious expressions evoke a sense of gravity and emotional weight. Viewers might experience emotions such as empathy, tension, and reflection on relationships while watching the film. The overall tone implies a poignant, character-driven narrative.
tt0108334;"The movie Three of Hearts"" is described on the poster as a ""sexy romantic comedy suggesting a mix of lighthearted and sensual themes. The style of the film likely combines humor with romantic and possibly dramatic elements. The minimalistic black background and bold red text convey passion and intimacy, emphasizing love and relationships. Viewers can anticipate emotions such as amusement, attraction, and a connection to character dynamics. The tagline, Three Wild Hearts hints at a love triangle or complex relationship, adding an element of intrigue to the narrative."
tt0108358;"The movie Tombstone as depicted in the poster, reflects a Western style with a focus on justice and law enforcement in a rugged, tense atmosphere. The tagline Justice is Coming"" emphasizes themes of conflict and retribution. The four armed central figures suggest camaraderie and readiness for confrontation indicative of a classic showdown narrative. The fiery tones and dusty setting evoke a harsh and volatile environment. Viewers might feel suspense excitement and intensity while watching the movie drawn into themes of loyalty revenge and the pursuit of justice in a lawless frontier."
tt0108388;"The poster of The Trial based on Kafka's literary work, suggests a dark, psychological, and dramatic movie. The use of shadowy elements and intense text conveys a sense of tension, mystery, and existential dread. The inclusion of phrases like “Arrested...prosecuted...But for what?” suggests themes of confusion, injustice, and helplessness. The prominent names of actors like Anthony Hopkins promise a strong, gripping performance. Viewers can expect to feel emotions ranging from anxiety and frustration to deep contemplation about the absurdity and complexities of justice and human existence. The 15"" rating suggests mature themes."
tt0108395;"The poster for *A Troll in Central Park* evokes a whimsical and family-friendly animated movie style. Its vibrant colors and soft animation design suggest a light-hearted, fantastical tale. The smiling troll holding a glowing flower and the joyful expressions of the children indicate themes of wonder, kindness, and adventure. The inclusion of magical creatures and glowing lights gives a sense of enchantment. The tagline, A Beautifully Animated Fairy Tale For All Ages reinforces its fairy tale genre. Viewers might feel emotions like joy, curiosity, and warmth while watching the film. The Family Feature"" label ensures broad appeal."
tt0108399;"The poster for *True Romance* suggests a stylish, high-energy, and intense movie, combining crime, romance, and dark humor. The tagline Stealing Cheating Killing. Who says romance is dead?"" implies a gritty narrative with morally complex characters. The visuals evoke feelings of danger passion and rebellion featuring bold costumes and a mix of violence and intimacy. The cast names including Christian Slater Patricia Arquette Brad Pi""tt and Christopher Walken indicate strong performances. Viewers may feel a mix of excitement tension and thrill while watching as suggested by the chaotic yet vibrant imagery and themes."
tt0108410;"The poster for Twenty Bucks"" suggests a light-hearted comedy with an intriguing concept exploring life's interconnectedness. Featuring prominent names in the cast the movie seems to revolve around the journey of a $20 bill and its impact on various lives. The tagline ""A comedy about how we spend our lives implies humor tied to relatable everyday experiences and decisions. The cityscape imagery suggests an urban, diverse setting where personal stories unfold. Viewers might feel curiosity, amusement, and reflection on societal values and individual choices while watching this film."
tt0108442;"The poster for *Undercover Blues* suggests a light-hearted and comedic movie style. The title's playful typography, particularly with BLUES"" in bold and blue hints at humor and possibly an adventurous storyline. The inclusion of Kathleen Turner and Dennis Quaid's names points to a star-studded cast often associated with charm and wit. The overall design balances subtle mystery with a casual atmosphere indicating a mix of comedy and intrigue. Viewers might experience emotions such as amusement excitement and lighthearted joy while watching. The tagline ""Intelligence runs in the family emphasizes humor tied to cleverness or espionage themes."
tt0108451;The poster for *Untamed Heart*, labeled under Contemporary Classics suggests the movie is a romantic drama. The elegant font, warm coloring, and intimate pose of the characters evoke heartfelt and emotional themes. Names of well-known actors Christian Slater, Marisa Tomei, and Rosie Perez indicate strong performances. The film likely explores themes of love, vulnerability, and emotional connection. Viewers can expect feelings of warmth, tenderness, and possibly a touch of melancholy or inspiration, given the romantic yet subdued tone projected by the poster’s design.
tt0108473;"The movie poster for *The Vanishing* suggests a dark and suspenseful thriller. The tagline Obsession is the ultimate weapon"" highlights themes of obsession and psychological tension. The design features shadowy imagery and a prominent bold title font indicating a foreboding atmosphere. Viewers can expect feelings of unease curiosity and gripping suspense while watching the movie. The inclusion of notable actors Jeff Bridges Kiefer Sutherland Nancy Travis and Sandra Bullock hints at strong performances driving an intense storyline."
tt0108515;The poster for *The War Room* suggests a documentary-style movie that delves into political strategy and behind-the-scenes operations during an election campaign. The subdued color tones and close-up imagery evoke a serious and grounded atmosphere, reflecting realism and intimacy. The film likely explores themes of tension, urgency, and determination. Viewers may experience emotions such as intrigue, suspense, or a deeper understanding of the complexities of political work. The presence of the Criterion Collection branding hints at a critically acclaimed, thought-provoking cinematic experience.
tt0108517;"The poster for Warlock: The Armageddon"" suggests a dark supernatural horror movie with elements of fantasy. The tagline ""When he comes… all Hell breaks loose implies intense, apocalyptic themes and a menacing villain. The imagery of lightning and a glowing object in the hand signifies powerful, dangerous magic. The stormy background and eerie atmosphere evoke suspense and fear. The R"" rating hints at mature content possibly violent or frightening scenes. Viewers can expect a tense thrilling experience filled with dark and sinister tones."
tt0108525;"The poster of *Wayne's World 2* showcases a comedic and lighthearted style, emphasizing humor and fun. The tagline, You'll Laugh Again! You'll Cry Again! You'll Hurl Again!!"" suggests an over-the-top and exaggerated comedy that may evoke feelings of amusement and nostalgia. The peace sign hand gesture adds to the playful and irreverent tone. The bold colorful text and casual attire reflect a laid-back and quirky vibe associated with the 1990s era. Viewers can expect a mix of absurd situations goofy antics and uplifting carefree energy throughout the movie."
tt0108526;The poster for *We're Back! A Dinosaur's Story* shows a fun, colorful animation style featuring friendly dinosaurs and human characters in a modern city setting. The dinosaurs, with big smiles and playful postures, exude a sense of joy, adventure, and humor. Balloons and vibrant colors suggest a whimsical, lighthearted tone, appealing to children and families. The tagline, An Adventure for the Whole Family emphasizes its family-friendly nature. Emotions evoked could include excitement, happiness, and delight, with a focus on fun and camaraderie. The setting appears lively and imaginative, blending prehistoric creatures with modern urban life.
tt0108539;"The poster for Weekend at Bernie's II"" suggests a comedic and absurd movie style emphasized by the vibrant colors tropical setting and exaggerated poses. The tagline ""Bernie's back... and he's still dead!"" highlights the continuation of the dark comedic premise from the original film. The imagery implies themes of slapstick humor and bizarre situations. Viewers might feel amusement absurdity and curiosity while engaging with the film's offbeat and ridiculous humor as characters interact with the lifeless body of Bernie amidst a lively beach setting."
tt0108550;The poster for *What's Eating Gilbert Grape* conveys a somber, emotional, and introspective tone. Its sepia-toned color scheme suggests a nostalgic and rural setting, emphasizing themes of struggle and familial bonds. The tagline, Life is a terrible thing to sleep through hints at existential themes and the importance of self-awareness. The street imagery and sparse composition evoke a sense of isolation and small-town stagnation. Viewers may feel empathy, sadness, and hope as they experience the film’s exploration of life's challenges and relationships. Overall, the poster reflects a poignant and character-driven storytelling style.
tt0108551;"The poster for *What's Love Got to Do with It* suggests a biographical drama with musical elements, as it’s described as The Triumphant True-Life Story of Tina Turner."" The silhouette of a male figure and the spotlight on Tina Turner hint at themes of fame struggle and resilience. The glowing praise ""Two Thumbs Up Way Up!"" conveys critical acclaim. Viewers might expect intense emotions such as empowerment passion and possibly heartbreak as the story likely explores Tina Turner's personal and professional hardships while celebrating her success and iconic legacy in music."
tt0108560;"The poster suggests the movie is a comedy with a hip-hop flair, as indicated by the tagline The First Hip-Hop Whodunnit!"" It features two police officers in exaggerated comedic poses signifying a playful and humorous tone. The brick-wall background adds an urban vibe. The movie also boasts appearances by notable celebrities in music and acting such as Queen Latifah and Ice-T broadening its appeal. Viewers can expect lighthearted entertainment some mystery elements and likely enjoy the blend of humor and hip-hop culture. It aims to evoke laughter and amusement throughout."
tt0108565;"The *Wide Sargasso Sea* poster suggests a sensual and romantic movie style. The image depicts a passionate embrace between two individuals, evoking themes of intimacy and desire. The earthy tones and the backdrop of water hint at a natural, exotic setting. The tagline Sensual and Romantic"" and the NC-17 and R-rated versions indicate mature content with a focus on emotional and physical connections. Viewers might feel emotions such as passion intensity or intrigue while watching the film. The description also notes the movie is ""based on the acclaimed novel by Jean Rhys appealing to literary enthusiasts."
tt0108569;The movie poster for *Wilder Napalm* suggests a dramatic and quirky romantic film with elements of fire and destruction as recurring motifs. The tagline, a romance you can't put out hints at a fiery, passionate dynamic in the storyline. The burning carnival scene in the background conveys intense, chaotic energy, while the character holding a fire helmet implies themes of danger, unpredictability, or heroism. Viewers can anticipate a blend of romance, dark humor, and possibly fantastical or surreal elements, evoking emotions ranging from intrigue to excitement with a tinge of suspense.
tt0108596;The poster for *Wrestling Ernest Hemingway* suggests a heartfelt, character-driven drama with a contemplative, nostalgic tone. The visual of two older men sitting on a park bench under a tree evokes themes of friendship, reflection, and life's later stages. The tagline, It will light up your life and warm your heart implies a film filled with warmth, humor, and emotional depth. Viewers could experience emotions such as warmth, bittersweet joy, and introspection as they watch characters form meaningful relationships and navigate their personal journeys. The lush outdoor setting hints at naturalistic and intimate storytelling.
tt0109015;"The poster for 3 Ninjas Kick Back"" showcases a fun action-packed family-oriented martial arts movie with a focus on adventure and teamwork. The bright clothing and dynamic poses of the three young characters indicate lively and energetic fight scenes while the tagline suggests a blend of humor and excitement. Viewers can expect light-hearted emotions camaraderie and thrilling moments. It is also likely aimed at a younger audience or families as indicated by the ""U"" rating signifying universal appeal."
tt0109021;"The poster for 8 Seconds"" suggests a dramatic and action-packed movie centered on bull riding a sport requiring courage and skill. The phrase ""Hang on for the ride of your life!"" implies intensity thrills and high stakes. The presence of a cheering crowd evokes themes of competition triumph and perhaps personal struggle. Viewers might feel excitement adrenaline inspiration and emotional engagement with the journey of a determined individual chasing their passion in the face of danger. The countryside setting hints at a backdrop tied to rural culture and rodeo traditions."
tt0109035;The poster for *Above the Rim* indicates a basketball-centric movie with urban and competitive themes. The tagline, Some games you play. Some games play you suggests a mix of high-stakes sports action and personal drama. The silhouetted basketball player dunking against the backdrop of a city skyline hints at ambition, struggles, and a gritty urban atmosphere. The bold, stylized title indicates intensity, while the warm tones evoke passion and energy. Viewers can expect emotional highs and lows, suspense, and themes of individual determination and complex relationships in a competitive environment.
tt0109040;"The poster suggests a comedic, eccentric movie with a lighthearted, whimsical tone. The vibrant colors, quirky appearance, and bold text indicate a humorous and exaggerated style. The tagline, He's the best there is! (Actually he's the only one there is.) adds an element of absurdity, emphasizing the character's unique profession and personality. The movie likely features over-the-top antics, goofy situations, and clever humor. Viewers can expect to feel entertained, amused, and perhaps experience moments of suspense or light intrigue related to the pet detective"" theme."
tt0109045;The poster for *The Adventures of Priscilla, Queen of the Desert* suggests a vibrant, bold movie style with eccentric and flamboyant characters. It features a bus driving through a vast desert under a deep blue sky, symbolizing a journey or adventure. The striking costumes worn by the characters evoke a theme of extravagance and individuality. The imagery conveys a sense of fun, freedom, and self-expression, with a likely element of comedy and drama. The expansive desert hints at isolation or introspection, balancing the colorful, lively energy of the characters and costumes.
tt0109067;The poster for *The Air Up There* suggests a light-hearted and adventurous sports comedy-drama. It features contrasting cultural elements, with a basketball prominently displayed and African attire on a key character, hinting at cross-cultural dynamics and sports as a central theme. The tagline, What he found was a whole new ballgame promises themes of self-discovery and transformation. Viewers could feel a mix of humor, inspiration, and emotional engagement as the story progresses, portraying teamwork and personal growth. The upbeat tone and vibrant setting depicted imply entertaining and uplifting moments throughout the film.
tt0109068;The poster for *Airheads* suggests a comedic movie style with a rock-and-roll theme. The tagline, The amps are on but nobody's home implies a humorous and lighthearted tone, likely involving a quirky, band-oriented storyline. The prominent actors—Brendan Fraser, Steve Buscemi, and Adam Sandler—are known for their roles in comedy films, suggesting a playful and entertaining experience. The characters' attire and postures reflect rock-and-roll vibes, hinting at themes of rebellion and music culture. Viewers might feel amused, entertained, and nostalgic, particularly if they appreciate comedic takes on band or music stories.
tt0109120;"The movie Andre"" appears to be a family-friendly heartwarming story involving the bond between a human and an animal specifically a seal. The colorful poster featuring a cheerful seal dressed in a Hawaiian shirt suggests elements of humor and lighthearted adventure. The tagline ""The greatest adventure is finding your way home hints at themes of love, connection, and belonging. Viewers may feel emotions such as joy, warmth, and inspiration while watching this movie. The serene dock and water background imply a coastal setting, enhancing the movie's wholesome and nature-oriented vibe."
tt0109129;"The poster for Angie"" features Geena Davis and highlights a mix of humor and personal exploration. The tagline ""Geena Davis Is Hilarious!"" suggests a comedic tone while the visual of Davis joyfully spinning and the soft backdrop evokes a sense of introspection and warmth. The New York City skyline suggests an urban possibly dramatic or romantic setting hinting at themes of self-discovery or life changes. Viewers might expect emotions ranging from laughter to heartfelt moments with a focus on the protagonist's personal journey in an engaging and dynamic urban environment."
tt0109190;The poster for *Baby's Day Out* suggests a lighthearted, comedic adventure aimed at families. The tagline describes the movie as undeniably irresistibly irrationally funny hinting at slapstick humor and absurd situations. The inclusion of a gorilla, mischievous themes, and tied-up adults portrays the idea of chaos and playful reversals. Viewers might feel laughter, enjoyment, and warmth as they experience the antics and endearing qualities of the central baby protagonist. The depiction of a city skyline and physical comedy indicates a combination of urban exploration and action. Emotions range from amusement to delight.
tt0109198;"The poster for Bad Girls"" suggests a Western movie style with themes of rugged independence and survival. It features four women dressed in 19th-century Western attire carrying weapons set against a dramatic sunset over desert terrain. The title font evokes a gritty action-packed tone. Viewers might feel a mix of excitement and empowerment as they watch strong female characters in a high-stakes environment challenging traditional roles in a hostile setting. The ""Extended Cut"" label indicates additional content likely enhancing the depth or intensity of the story. The visuals convey themes of resilience and camaraderie in the Wild West."
tt0109219;"The poster for *Barcelona* suggests a romantic and comedic style with a mix of personal exploration and cultural settings, highlighted by the quote Funny and charming. Two thumbs up!"" The large close-up of a woman's face implies themes of love or interpersonal relationships while the two men in suits seated against a backdrop of a European cityscape suggest intellectual or cultural dialogue. The serene yet curious expressions on the characters indicate a tone that blends humor with introspection. Viewers may feel a mix of amusement charm and perhaps intrigue about the dynamics presented within the story."
tt0109254;"The Beverly Hills Cop"" poster conveys a mix of action and comedy movie styles. The presence of a handgun and a determined pose suggests action and crime-solving elements while the colorful and upbeat design reflects comedic undertones. The sunset and palm trees evoke the glamour and energy of Beverly Hills. Viewers can anticipate feelings of excitement and humor with moments of suspense and lightheartedness. The retro aesthetic and casual confident character design reinforce an iconic vibe from 1980s cinema."
tt0109279;"The Black Beauty"" poster showcases a dramatic nostalgic family movie emphasizing themes of bonding and adventure. The central image features a majestic black horse rearing under a golden-hued sky evoking warmth and awe. The tagline ""A story for all ages. A friendship for all time. Share the adventure suggests universal appeal, emotional resonance, and enduring companionship. The Warner Bros. Family Entertainment logo implies a wholesome, family-friendly tone. The presence of human characters alongside the horse hints at connections between animals and humans. Emotions likely include compassion, inspiration, and a sense of timeless journey. The U"" rating indicates suitability for all audiences."
tt0109287;"The movie Blank Check produced by Walt Disney Pictures, appears to be a comedic, family-friendly adventure. The poster shows a young person with a mischievous and resourceful vibe, emphasizing themes of quick thinking and creativity. The tagline, Quick thinking landed him a million bucks... now everyone's after it!"" suggests a light-hearted suspenseful chase or conflict. Viewers might feel excitement joy and humor with an emphasis on fun and clever scenarios. The reference to ""Home Alone"" indicates a similar tone likely appealing to fans of youthful clever protagonists outsmarting adults."
tt0109288;"The Blankman"" movie poster suggests a comedic superhero theme showcasing exaggerated visuals with eccentric humor. The bright urban setting hints at a city-based storyline while the character's quirky costume indicates an unconventional hero. The tagline ""A heartfelt comedy that's falling down funny"" emphasizes lighthearted humor combined with emotional moments. Viewers can expect to feel amusement laughter and perhaps empathy as the story unfolds. The poster's design communicates a blend of absurdity charm and originality characteristic of a parody or spoof."
tt0109297;The movie appears to be a thriller or suspense genre, as suggested by the dark and intense color tones of red and black dominating the poster. The description on the poster mentions it being intense terrifying and erotic indicating a mix of suspense, fear, and sensuality. These characteristics suggest viewers might experience heightened emotions like tension, anticipation, fear, and intrigue while watching the film. The DVD design and minimalistic approach point towards a gripping narrative with psychological elements.
tt0109303;"The poster for Blown Away"" suggests a high-intensity action thriller featuring themes of danger and suspense. The dramatic explosion featured prominently at the bottom conveys a sense of destruction and urgency while the contrasting colors of purple and fiery orange hint at tension and conflict. The inclusion of serious expressions and the tagline combined with the names of actors Jeff Bridges and Tommy Lee Jones signals a significant emotional and psychological dimension. Viewers might experience adrenaline anticipation and intrigue as they watch the film. The imagery emphasizes action conflict and high-stakes drama."
tt0109305;"The Blue Chips"" poster suggests a sports drama centered around basketball highlighting themes of intense athletic competition and ethical challenges. The dynamic composition with a basketball dunk in action and prominent players conveys energy passion and tension. The bold text and emphasis on Shaquille O'Neal and Nick Nolte indicate a movie featuring notable performances and impactful storytelling. Emotions viewers might feel while watching include excitement moral conflict and a deep connection to the stakes of the game. This poster signals a dramatic exploration of the pressures within professional or collegiate basketball."
tt0109306;"The poster for *Blue Sky* suggests a romantic drama with emotional depth, set against a backdrop of tension and secrecy, as indicated by the tagline, In a world of secrets love is the most powerful weapon."" The rugged outdoor landscape hints at themes of nature isolation or personal conflict. The warm color tones evoke feelings of passion and intimacy while the close physical proximity of the characters suggests a strong possibly tumultuous relationship. Viewers might experience emotions such as love longing intensity and perhaps heartbreak while watching this film."
tt0109327;The poster for *Brainscan* suggests a sci-fi horror style, characterized by its bold, futuristic font and ominous red and black tones. The tagline, Wanna play? I dare you hints at a menacing, high-stakes game or psychological challenge central to the plot. It evokes emotions of tension, curiosity, and fear. The imagery implies a mix of technology, psychological twists, and eerie undertones, appealing to fans of surreal and intense narratives.
tt0109340;The poster for *The Browning Version* suggests a classic drama with an emotional and reflective tone. The setting features a grand, traditional building, possibly a school or institution, hinting at themes of academia or personal growth. The tagline, The greatest lessons in life are the ones learned by heart indicates a focus on profound life lessons and emotional exploration. The inclusion of bicycles and formal wear evokes a nostalgic or period-specific atmosphere. Viewers might expect thoughtful and poignant storytelling with themes of redemption, human connection, and self-discovery. Feelings of introspection and emotional depth are likely to be evoked.
tt0109348;"The poster for Bullets Over Broadway"" suggests a mix of drama humor and crime set in a theatrical vintage New York City backdrop. The use of a gun implies gangster or mobster elements while the characters' elegant attire ties to a glamorous Roaring Twenties aesthetic. The bright bold title reflects a blend of lively and intense storytelling. Viewers may feel suspense humor and intrigue while experiencing the juxtaposition of the underworld and Broadway's theatrical allure. The city skyline and stylized outfits evoke a nostalgic sophisticated mood consistent with classic gangster and Broadway themes."
tt0109361;The poster for *Cabin Boy* suggests a whimsical, adventurous, and comedic movie style. The illustrated design, with exaggerated, surreal imagery, indicates a quirky and fantastical tone. The bright, vibrant colors and exaggerated ocean waves evoke a sense of whimsy and light-heartedness. The central character dangling from a fishing hook above a ship, surrounded by caricature-like figures, implies absurd humor and adventurous mishaps. Viewers might experience amusement, curiosity, and lighthearted fun while watching the film, as the imagery suggests a blend of parody and offbeat storytelling.
tt0109369;"The poster for *Camp Nowhere* suggests a lighthearted, family-friendly comedy with youthful adventure themes. The tagline, No Parents. No Rules. No Kidding!"" signals a plot centered around kids escaping adult supervision fostering feelings of freedom and rebellion. Bright colors casual clothing and a sunny camp setting evoke a playful and fun atmosphere. The imagery of cabins and outdoor elements hints at a summer camp-style backdrop. Viewers might experience nostalgia amusement and a carefree vibe while watching the film. The presence of Christopher Lloyd implies quirky and comedic adult guidance in the storyline."
tt0109370;The poster for *Canadian Bacon* denotes a satirical comedy. It features bold, cartoonish imagery of a man wearing boots stepping on the Canadian flag, juxtaposed against iconic American symbols like the Statue of Liberty and a city skyline. The tagline “Help America Fight the Canadians” evokes absurdity, signaling political satire and humor. The poster’s exaggerated visuals and phrasing suggest viewers might experience amusement, irony, and laughter while engaging with its light-hearted critique on nationalism. The phrase “A New Comedy” reinforces it as a humorous and spoof-centric movie style.
tt0109376;"The movie poster for Car 54 Where Are You?"" suggests a comedic style with a tagline reading ""An arrestingly funny comedy!"" The characters are depicted as humorous police officers indicating a lighthearted possibly slapstick approach to law enforcement scenarios. The bright background featuring the Empire State Building evokes a New York City setting. Viewers can anticipate playful banter absurd situations and feel amusement or cheerfulness throughout the film. The bold font and playful poses reinforce the comedy genre."
tt0109381;"The poster suggests a vibrant, flamboyant movie style with a focus on exotic, colorful aesthetics, likely reflecting themes of cultural expression. The phrase an expression of fantasy energy and playful eroticism"" indicates a lively energetic atmosphere with a touch of sensuality. The tropical fruit headdress and bright visuals evoke joy and vivacity hinting at a story or presentation rich in music performance and cultural spectacle. Viewers might feel entertained energized or nostalgic while watching the film. The title implies a humorous or whimsical tone adding to the movie’s celebratory and lighthearted characteristics."
tt0109402;"The poster of The Chase"" suggests a high-energy action-packed movie style with themes of thrill and pursuit. The fiery background and dynamic motion lines convey urgency and chaos. The presence of a gun implies tension and danger. Additionally the imagery of a car chase involving multiple vehicles hints at adrenaline-fueled sequences. Viewers may experience excitement suspense and intensity while watching reflecting the fast-paced dramatic nature of the film."
tt0109403;"The poster for Chasers"" suggests a comedic and light-hearted movie style with elements of adventure. The tagline ""A rip-roaring comic adventure indicates humor, action, and an entertaining storyline. The imagery of military police and a restrained prisoner in exaggerated poses hints at a playful and mischievous tone, likely with themes of conflict and escape. Viewers can expect to feel amusement, excitement, and curiosity, as well as anticipate comical interactions and scenarios throughout the film. The overall design conveys a mix of humor and chaos."
tt0109417;The poster for *China Moon* suggests a moody, suspenseful atmosphere, characteristic of a romantic thriller or neo-noir film. The dark night sky and moonlit water evoke a sense of intrigue, secrecy, and allure. The formal clothing of the characters hints at themes of complexity, perhaps involving crime, deception, or forbidden love. Viewers might expect emotions such as tension, passion, and suspense, as well as moments of intensity and mystery throughout the movie. The 18+ age rating emphasizes mature themes.
tt0109439;The poster for *City Slickers II: The Legend of Curly's Gold* suggests a comedic adventure film set in a rugged, Western-inspired environment. Dominated by images of horseback riding and desert landscapes, it hints at themes of treasure hunting and camaraderie. The inclusion of playful and animated poses implies lighthearted humor and action. Viewers might experience feelings of amusement, adventure, and nostalgia. The mix of prominent cast names, such as Billy Crystal and Jack Palance, ensures a blend of comedy and charm. The film likely balances excitement with relatable character dynamics and absurd situations.
tt0109443;"The poster for *Clean Slate* suggests a comedic and lighthearted movie style, indicated by the playful imagery of a magnifying glass, a dog, and the tagline: It's a day he'll never forget... until tomorrow."" The inclusion of notable comedic actor Dana Carvey highlights humor as a central characteristic. The design implies themes of memory investigation and quirky scenarios. Viewers might feel amused entertained and curious throughout the movie with moments of laughter stemming from the absurd or unexpected situations depicted. The 12-rating hints at mild content appropriate for family or general audiences."
tt0109444;The poster for *Clear and Present Danger* suggests a political action thriller style, with themes of patriotism and duty. The tagline, Truth Needs a Soldier hints at a narrative involving moral conflict, justice, and bravery. The prominent U.S. flag imagery conveys a focus on national security or political intrigue. Viewers might feel suspense, tension, and a sense of urgency, as well as experience a deeper reflection on corruption, loyalty, and ethical dilemmas. The bold red typography for the title reinforces the high-stakes, intense atmosphere typical of such films.
tt0109445;"The poster for *Clerks* highlights a comedic and irreverent style with bold endorsements such as The Funniest Movie Of The Year!"" and ""Screamingly Funny!"" Characters in casual laid-back poses suggest a focus on everyday life and quirky interactions. The title's colorful and playful design hints at humor and a carefree vibe. Viewers might experience laughter absurdity and a sense of connection to relatable mundane situations. The tagline ""Just because they serve you doesn’t mean they like you suggests sarcastic, edgy humor reflecting retail work and human frustrations."
tt0109446;"The poster for The Client"" suggests a legal thriller with intense drama and suspense. The tagline highlights key elements: a District Attorney an inexperienced lawyer and a boy with dangerous knowledge suggesting themes of justice danger and survival. The dark color palette and imagery of a gun car and shadows evoke tension and a sense of urgency. Viewers might feel engrossed anxious and emotionally invested as characters navigate high-stakes situations. The star-studded cast including Susan Sarandon and Tommy Lee Jones adds gravitas to the film's serious and suspenseful tone."
tt0109447;"The poster for *Clifford* suggests a comedic style with its tagline, A marvelously witty and wacky black comedy!"" The image depicts an exaggerated explosion in the background hinting at chaos or absurdity within an otherwise normal suburban setting. The listed stars including Martin Short Charles Grodin and Mary Steenburgen further emphasize humor through their known comedic reputations. The movie likely triggers emotions such as amusement curiosity and surprise. The exaggerated and outlandish elements imply a satirical or farcical tone designed to entertain through sharp unconventional humor."
tt0109450;The movie Cobb as depicted in the poster, is centered around baseball, emphasizing a biographical and dramatic storytelling style. Its tagline, The Raging Bull of baseball movies suggests intense emotions, dynamic character exploration, and personal conflict. The imagery of the baseball field and the character holding a bat evokes themes of sportsmanship, ambition, and the struggles tied to the life of an iconic player. Viewers can expect a mix of inspiration, tension, and introspection as the story delves into the highs and lows of the protagonist's life, likely accompanied by moments of triumph and emotional gravity.
tt0109454;The poster for *Colonel Chabert* suggests a period drama, with historical themes. The prominent depiction of a woman in elaborate 19th-century attire, standing near a grand estate, evokes aristocratic or upper-class societal settings. The muted colors and serene landscape underscore themes of melancholy nostalgia or complex emotional undertones. The film is likely to explore deep interpersonal relationships and societal roles possibly with undertones of conflict or moral dilemmas. Viewers might expect a blend of introspection drama and tension experiencing feelings such as empathy intrigue and solemn reflection throughout the movie.
tt0109456;"The poster for Color of Night"" suggests a dramatic intense and suspenseful movie style with elements of action and sensuality. The imagery of an explosion and fire conveys danger and high-stakes drama while the tagline highlighting an ""Exclusive Director's Cut: 15 Extra Steamy Minutes"" hints at significant erotic elements. Viewers might experience heightened emotions including intrigue tension passion and excitement as well as a gripping sense of mystery and thrill. Bruce Willis's name at the top implies a focus on his well-known action-oriented and dramatic performance style."
tt0109480;The poster for *Cops and Robbersons* suggests a comedy-style movie with elements of crime and action. Featuring a mix of humorous and serious imagery—a man pointing playfully while another holds a gun—it reflects a juxtaposition of lightheartedness and tension. The tagline from Larry King, This is a funny movie! It’s hysterical… a lot of laughs confirms its comedic tone. Viewers can expect a blend of humor, slapstick, and possibly crime-related antics, leaving them entertained and amused. The striking title design and playful elements hint at a fun, engaging dynamic between the characters.
tt0109484;"The poster for *Corrina, Corrina* highlights a heartwarming and emotional movie style, likely focusing on themes of family and relationships. The tagline, They needed a family. What they got was magic suggests an uplifting and touching story. The quote describing the movie as Warm funny and immensely entertaining!"" indicates it balances humor with emotional depth. The overall design and imagery evoke feelings of love connection and comfort likely appealing to audiences seeking a heartfelt experience filled with lighthearted and poignant moments."
tt0109493;The poster for *The Cowboy Way* suggests a comedic, lighthearted movie set in a western or cowboy-themed environment. Woody Harrelson appears shirtless, humorously covering himself with a cowboy hat in a rustic cabin-like setting, reinforcing the comedic tone. The tagline, A cowboy always takes his hat off when he meets a lady further hints at humor, possibly absurd or situational comedy. The inclusion of Kiefer Sutherland alongside Harrelson suggests a buddy comedy dynamic. Viewers might expect laughter, playfulness, and charm, characteristic of 1990s comedy films with charismatic leads.
tt0109504;The poster for *Crooklyn* suggests a vibrant, nostalgic movie set in an urban neighborhood, likely Brooklyn, as indicated by the title. The family-centered composition, with smiling, casually-dressed individuals on a stoop, conveys themes of community and relationships. The bright colors and playful demeanor in the image hint at a warm, lively, and heartfelt tone. There’s a sense of lightheartedness, familial unity, and everyday joys, while the subtitle “A Spike Lee Joint” suggests a culturally aware and authentic storytelling style. A person watching this movie might feel nostalgia, humor, warmth, and perhaps emotional depth focused on familial bonds and urban life.
tt0109506;"The poster for *The Crow* suggests a dark, gothic movie style with its black background and somber imagery. The protagonist, clad in black and walking through light, implies a brooding and mysterious character. The tagline Believe in Angels"" hints at supernatural or spiritual themes. The title paired with the crow emblem evokes a sense of foreboding and melancholy. Viewers may experience feelings of tension sadness or hope while watching. The design conveys elements of revenge redemption and tragedy. Brandon Lee's name at the top signals a focus on the lead performance."
tt0109520;The movie, The Mighty Ducks as depicted in the poster, is a family-friendly, sports-centric film produced by Disney. It features themes of teamwork, determination, and personal growth, centered around ice hockey. With its uplifting tone, viewers may feel excitement, inspiration, and joy as they watch underdog characters striving to overcome challenges. Bright, playful colors and hockey equipment signal an engaging, energetic experience, ideal for family audiences or sports enthusiasts.
tt0109578;"The poster for Death Wish: The Face of Death"" suggests a gritty intense revenge thriller with themes of vigilante justice. The tagline ""No judge. No jury. No appeals. No deals."" emphasizes a no-nonsense rule-breaking approach to justice. The prominent imagery of a firearm contributes to a sense of danger action and moral conflict. Viewers may experience feelings of tension adrenaline and perhaps a sense of righteous indignation or moral ambiguity depending on the character's actions and motives. The ""R"" rating implies mature content likely including violence and strong themes."
tt0109579;The poster for *Death and the Maiden* indicates an intense psychological thriller or drama. With muted colors and contrasting imagery, it conveys tension and darkness. A gun suggests violence or danger, while close-ups of the characters reflect emotional conflict or intimacy. The tagline, Tonight mercy will be buried with the past hints at themes of revenge, justice, or reckoning with trauma. The distant figure staring at a dramatic sunset adds to the ominous and reflective tone. Viewers may feel suspense, unease, and moral uncertainty while watching this movie. The critical acclaim, Two Thumbs Up! emphasizes its gripping quality.
tt0109593;"The poster for *Delta of Venus* suggests an erotic, passionate, and intimate movie style, as indicated by the tagline Tender passionate and erotic..."" The atmosphere is sensual with a focus on romantic and physical connection. The dark moody lighting and close intimate positioning of the characters evoke themes of desire and emotional intensity. The reference to the works of Anaïs Nin and the 18+ age rating highlight its adult themes likely exploring love eroticism and human relationships. Viewers might experience emotions including passion intrigue and sensuality while watching the film."
tt0109635;"The poster for *Disclosure* showcases an intimate and provocative scene between Michael Douglas and Demi Moore, emphasizing themes of power and seduction through its tagline, Sex is power."" The dark lighting and suggestive pose imply a dramatic and intense storyline likely dealing with adult and morally complex issues. The film is rated 18+ signaling mature content possibly involving sexual dynamics and conflict. Viewers might experience emotions such as tension intrigue or discomfort due to the depicted power struggles or ethical dilemmas hinted at in the imagery. The style suggests a psychological thriller or drama."
tt0109642;"The movie *Dolores Claiborne* appears to be a dark, emotional drama or thriller. The poster's shadowy colors, solitary house silhouette against a fiery sunset, and isolated figure suggest a bleak, intense atmosphere. It implies themes of mystery, isolation, and possibly conflict or struggle. Viewers may experience tension, melancholy, suspense, and deep emotional engagement while watching. The inclusion of seasoned actors like Kathy Bates and Jennifer Jason Leigh hints at strong performances and a focus on complex character dynamics. The 18"" rating suggests mature themes likely involving serious psychological or dramatic content."
tt0109675;"The poster for Drop Squad produced by Spike Lee, suggests a socially conscious drama centered around themes of struggle and progress, as indicated by the tagline: No struggle no progress."" The dark tones combined with the intense expressions and postures of the characters convey a sense of seriousness tension and introspection. The movie likely explores issues of identity race and societal challenges. Viewers may feel deep emotions such as reflection tension and possibly empowerment while engaging with the narrative. The overall aesthetic hints at an impactful and thought-provoking storytelling style."
tt0109676;The poster for *Drop Zone* suggests an action-packed, adrenaline-fueled movie, as indicated by the fiery explosions and intense visuals in the background. The use of red and orange tones implies danger, urgency, and high stakes. The presence of parachutes and the Washington Monument hints at a storyline involving aerial stunts or skydiving and possibly government-related intrigue. Viewers may feel excitement, suspense, and thrill while watching the movie, as the poster conveys a dynamic and fast-paced tone. Wesley Snipes' name at the top signifies a lead performance likely associated with intense action sequences.
tt0109707;"This poster for the movie *Ed Wood* showcases a black-and-white aesthetic, reflecting its biographical and retro style. The director's chair and vintage costume suggest a focus on filmmaking and an era long past. It hints at themes of passion for art, perseverance, and individuality. Viewers may feel a mix of admiration, empathy, and inspiration while exploring the journey of an unconventional filmmaker. The tagline in Spanish translates to One man took his passion turned it into his profession and made movies like no one else."" This evokes curiosity about an eccentric yet determined personality in cinematic history."
tt0109731;The poster of the movie *L'Enfer* showcases an intimate and emotionally charged atmosphere, hinting at themes of passion, obsession, and psychological tension. The dark, subdued colors and the close physical proximity of the characters suggest intensity and drama. Emmanuelle Béart and François Cluzet's names highlight their involvement, suggesting strong performances. Quotes on the poster, such as the right touch of innocence and sexuality point to layered and complex emotions. The viewer may experience feelings of suspense, intrigue, and unease as the story unfolds. Directed by Claude Chabrol, the film likely leans towards psychological and emotional exploration.
tt0109758;The poster for *Exit to Eden* depicts a comedic and edgy tone, combined with elements of intrigue and sensuality. It features characters in bold, revealing costumes, which suggest themes of romantic exploration and adult humor. The central figures appear confident and eccentric, signaling quirky dynamics and humorous character interactions. The tagline, To crack this case these two cops will have to flash more than their badges implies a mix of undercover investigation and comedic exaggeration. The tropical backdrop conveys an exotic or unconventional setting, promising escapism and a blend of comedy, action, and drama.
tt0109783;"The poster for The Favor"" suggests a romantic comedy or drama with themes of friendship and love. The tagline ""How far would you go for a friend?"" hints at a narrative centered on relationships and moral dilemmas. The warm tones and casual attire of the characters evoke a sense of lightheartedness and familiarity. Viewers can expect humor complex emotions and heartfelt moments. The mention of notable cast members and the director of popular films like ""Miss Congeniality"" and ""Mystic Pizza"" indicates a focus on character-driven storytelling potentially leaving audiences entertained and emotionally connected."
tt0109785;"The poster for *Federal Hill* suggests a gritty, dramatic film deeply rooted in realism, emphasizing themes of community, relationships, and possibly crime or struggles in a specific urban environment. The tagline Raw and powerful"" indicates an emotionally intense narrative. The setting with its urban backdrop and posed characters near a car connotes a streetwise possibly noir-like style. Its mention of being a ""Black and White Director's Version"" hints at a stylistic choice that could emphasize mood and tone. Emotions viewers may experience include tension empathy and a connection to a raw unfiltered portrayal of life."
tt0109813;"The poster for *The Flintstones* suggests a colorful, comedic, and family-friendly movie set in a prehistoric world. It features a mix of live-action characters and cartoonish designs, such as a dinosaur and a stone-age vehicle. The tagline Yabba-Dabba-Doo!"" emphasizes its playful and nostalgic tone evoking fun and adventure. The vibrant setting and whimsical elements suggest a lighthearted atmosphere likely bringing feelings of joy laughter and nostalgia for fans of the original animated series. The family-oriented imagery indicates themes of togetherness and humor."
tt0109816;"The movie poster indicates a comedic and potentially quirky style, emphasizing humor and offbeat storytelling. The color scheme, bold typography, and references to previous works like Repo Man"" and ""Tapeheads"" suggest a cult or indie vibe. Featuring actors like John Cusack Ethan Hawke Steve Buscemi and Kim Wayans it hints at a mix of charismatic performances and dynamic energy. Viewers might experience amusement absurdity and entertainment. Urban elements in the background could indicate a city setting while intriguing poses hint at unconventional characters or situations. The overall tone points to eccentric comedic and thought-provoking moments."
tt0109830;The poster for *Forrest Gump* suggests a contemplative and heartfelt style, showing a man (Tom Hanks) seated alone on a bench with a suitcase, evoking themes of journey, reflection, and simplicity. The minimal design, white background, and nostalgic typography imply a focus on storytelling and character. The tagline and highlighted Oscars, including Best Picture, suggest its critical acclaim. Audiences may feel a spectrum of emotions, such as warmth, nostalgia, and introspection. The emphasis on the character's solitude and posture hints at a mix of melancholy and curiosity about his life story.
tt0109831;The poster for *Four Weddings and a Funeral* suggests a lighthearted and comedic tone. It displays a group of people dressed for a formal event, with some playful chaos (confetti, a laughing man toasting, and a sheep on the table) hinting at humor and unpredictability. The tagline, Five good reasons to stay single suggests romantic entanglements and social mishaps. The heart imagery in the title promises themes of love and relationships, while the juxtaposition of weddings and a funeral implies a mix of romantic joy and emotional depth. Viewers may feel amused, charmed, or touched.
tt0109836;"The poster for *Mary Shelley's Frankenstein* suggests a dramatic and foreboding movie style, heavily rooted in gothic horror. The dark background, dramatic electric currents, and ominous tagline Be Warned"" create a sense of tension and dread. The design implies themes of life death and unnatural creation central to the Frankenstein story. Featuring prominent actors like Robert De Niro and Kenneth Branagh hints at a serious character-driven narrative. Viewers can expect emotions like unease fear and perhaps awe as suggested by the atmospheric imagery and intense visual cues. The 15+ rating indicates mature themes fitting the horror genre."
tt0109838;"The movie poster for Freaked"" suggests a bizarre comedic and eccentric style with a surreal and circus-like aesthetic. The tagline ""The Funniest Film in Years!"" emphasizes its humor-driven nature. The vibrant colors and odd character styling indicate a mix of absurdity and whimsy. The viewer might feel amusement curiosity or even a sense of quirky astonishment while watching the movie. The assorted imagery and exaggerated elements point towards a highly unconventional narrative likely filled with parody and chaotic fun."
tt0109842;"The poster for *Fresh* suggests an intense and gripping drama with a focus on survival and strategy. The nighttime urban setting, glowing headlights, and silhouetted figures evoke suspense and danger. Phrases like Powerful and Riveting!"" and ""Risking it all he invents new rules..."" indicate a high-stakes storyline driven by ingenuity and resilience. The viewer can expect emotions like tension hope and intrigue while watching the movie. The visuals suggest a gritty realistic style exploring themes of risk and survival in a challenging environment."
tt0109891;"The poster for Getting Even with Dad"" suggests a comedic family movie featuring bold and playful typography in its title. The pairing of Macaulay Culkin and Ted Danson indicates a mix of lightheartedness and charm. The PG rating signals it is family-friendly suitable for various age groups. Viewers can expect humor themes of family relationships and possibly the reconciliation of differences with a playful tone. The imagery and dynamics imply mischief and a focus on a father-son relationship bringing emotions of amusement warmth and possibly nostalgic moments."
tt0109913;"The poster of *Go Fish* suggests a romantic, indie film style with a focus on LGBTQ+ themes, as it showcases an intimate moment between two women. The simple, hand-drawn-style font and minimalist design evoke an artistic and low-budget feel. The tagline The girl is out there"" emphasizes a search for love or connection. The warm emotional tone of the close embrace hints at intimacy and possible tenderness in the story. The rating of 18+ implies adult themes or mature content. Viewers might feel emotions like love self-discovery and compassion while watching this movie."
tt0109917;The poster for *Golden Gate* suggests a dramatic and romantic movie style. It features a warm, sepia-toned color scheme with the iconic Golden Gate Bridge in the background, indicating a San Francisco setting. The central image of a woman in a backless dress and a man in an intimate pose conveys themes of passion, romance, and possible tension. The tagline, “Love binds all people. Justice tears them apart,” hints at conflict involving love and morality. Viewers might expect emotions ranging from love and sensuality to moral struggles and sadness. The poster highlights a dramatic, emotional undertone.
tt0109920;"The poster of A Good Man in Africa"" suggests a drama with comedic undertones set against an African backdrop. It emphasizes human relationships and cultural context with key visual elements such as an elephant and an individual standing in a savanna-like setting indicating themes of adventure or exploration. The elegant attire of the characters hints at political or social dynamics. Viewers may experience feelings of intrigue humor and reflection on cross-cultural interactions and personal morality in challenging circumstances. The title and visuals promise a mix of personal growth and societal examination within a rich atmospheric setting."
tt0109936;"The poster for *Greedy* suggests a comedic movie, evident from the tagline A comedy from the creators of 'Parenthood' and 'City Slickers.'"" The visual composition features a large eccentric family group surrounding an older man in a wheelchair implying themes of inheritance rivalry and familial greed reinforced by the tagline ""Where there's a will... there's a relative."" The mix of characters hints at quirky and exaggerated personalities. Viewers can expect humor satire and chaos with emotions ranging from amusement to curiosity about how greed impacts relationships in the story."
tt0109951;"The poster for Guarding Tess"" showcases a mix of comedy and a formal environment suggesting the movie involves humor set within a serious or duty-oriented context. The tagline ""A Comedy Beyond the Call of Duty!"" highlights a lighthearted yet committed storyline. The presence of suited characters and an elderly woman hints at dynamics of protection contrast and humor. Viewers may feel amusement light tension and warm emotional connections as the movie likely involves a clash of personalities amidst formal responsibilities. The 12+ rating indicates mild content suitable for a general audience with some discretion."
tt0110005;The poster for *Heavenly Creatures* suggests a dramatic, emotional, and possibly suspenseful movie style. The tagline, The true story of a crime that shocked a nation indicates a film based on real events with dark and gripping themes. The imagery showcases figures near a misty, ominous cliffside, evoking emotions like tension, intrigue, and foreboding. The artwork, with its moody and ethereal tones, implies a blend of psychological drama and mystery. The overall design conveys a haunting, intense narrative likely to evoke feelings of unease, fascination, and emotional depth in viewers.
tt0110044;"The poster for *Holy Matrimony* suggests a comedy film with quirky and playful elements. The tagline, The Hilariously Sexy Comedy!"" indicates light-hearted humor with a mix of unconventional or risqué themes. Patricia Arquette is shown in a denim top and wedding veil holding a bouquet of cash hinting at a plot involving marriage money or unconventional relationships. The backdrop and attire of the other characters convey a cultural or traditional dynamic that contrasts with the bold foreground image. Viewers might feel amused entertained and curious about the humorous clash of values and unusual scenarios in the movie."
tt0110057;"The poster for *Hoop Dreams* features a red basketball jersey in a shadow box, symbolizing sports aspirations and a nostalgic tone. The minimalistic design and subdued colors suggest a reflective and serious style. Below the jersey are black-and-white photos of people, hinting at a documentary narrative focusing on personal stories and real-life experiences. The emphasis on dreams"" in the title paired with the preserved jersey evokes themes of ambition struggle and hope. Emotions viewers might feel include inspiration empathy and perhaps melancholy as the rigid framing suggests the preservation of past aspirations. The Criterion Collection branding signifies cinematic prestige."
tt0110064;"The House Party 3"" poster showcases a vibrant and comedic tone highlighting a mix of energetic stylish characters dressed in '90s fashion. The tagline ""This bachelor party’s gonna bring down the house!"" suggests a lively humorous story centering around a house party and its chaotic events. The colorful design and exaggerated poses evoke a sense of excitement and fun. Viewers can expect spirited music humor and youthful energy likely creating feelings of amusement and nostalgia. Themes of friendship celebration and mishaps are implied embodying a lighthearted and feel-good movie experience."
tt0110066;The poster for *Houseguest* suggests a lighthearted, comedic movie, featuring Sinbad and Phil Hartman. The tagline hints at a clash of personalities when an unexpected guest disrupts a typical suburban family's life. The humorous tone is emphasized by the inclusion of the dog looking up curiously and the exaggerated expressions. Viewers can expect hilarity and chaotic, fish-out-of-water situations. The tagline “Hilarious!” and the family-friendly design imply it is a feel-good comedy. The movie likely evokes emotions of amusement, laughter, and light-hearted fun.
tt0110074;The poster for *The Hudsucker Proxy* suggests a quirky, inventive, and satirical comedic style. The prominent tagline, They took him for a janitor... but he took them for a ride hints at an underdog story with humorous and ironic twists. The use of dramatic poses, bold fonts, and the circular object (possibly representing innovation or simplicity) indicates a clever, stylized narrative. Emotions evoked may range from amusement to intrigue, as the design highlights eccentricity and wit. The tagline and ensemble cast further promise a mix of humor, ambition, and unexpected triumphs.
tt0110081;"The poster for *To Live* reflects a dramatic and emotionally charged film set in a historical or cultural context. The warm and subdued lighting, traditional clothing, and intimate composition suggest themes of family, struggle, and resilience. The tagline, Spellbinding...a masterpiece!"" implies that the movie is thought-provoking and impactful. Viewers can expect to feel deep emotions such as sadness hope and empathy while witnessing a poignant story. The design and tones convey a serious and artistic cinematic experience likely rooted in human perseverance through hardships."
tt0110091;"The movie I Like It Like That"" appears to be a vibrant urban drama or romantic comedy. The poster showcases a colorful and collage-like design hinting at a dynamic and spirited storytelling style. The tagline ""For Lisette every day has become Independence Day"" suggests themes of self-discovery personal growth or liberation against challenges. Viewers might expect emotions like empowerment humor and connection. The urban setting including city streets provides a backdrop of realism and relatability. The film likely touches on the complexities of relationships and urban life amidst struggles and triumphs."
tt0110093;The poster for *I Love Trouble* suggests a romantic comedy with elements of intrigue and professional rivalry. Its bold title font and contrasting colors hint at a playful, energetic tone. The inclusion of a cityscape in the background conveys an urban setting, likely central to the story. Viewer emotions could range from amusement to curiosity, as the pairing of Julia Roberts and Nick Nolte hints at dynamic chemistry, humor, and tension. The emphasis on collaboration suggests a journey filled with witty banter and unexpected twists typical of this genre.
tt0110097;"The poster for *I'll Do Anything* conveys a heartwarming, comedic, and emotionally touching movie style. The image of a man carrying a child on his shoulders, combined with the bright, playful color scheme and the tagline “Wickedly funny and surprisingly touching,” suggests themes of parenthood, personal growth, and humor. The quote Two Thumbs Up!"" points to positive critical acclaim hinting at an uplifting experience. Viewers can expect moments of laughter tenderness and reflection with a strong emphasis on human relationships and emotional bonds."
tt0110099;"The poster suggests a romantic comedy style, with the tagline Think Love"" emphasizing themes of intellect intertwined with romance. The warm tones and light-hearted design evoke a cheerful and tender mood. Prominent actors such as Meg Ryan and Tim Robbins hint at charismatic dynamics and humor. The inclusion of Walter Matthau might indicate a mix of wisdom and eccentricity. Viewers can expect feelings of joy amusement and sentimental connection while watching this movie. The font and playful hearts add charm and whimsy aligning with the genre's characteristic feel-good and charming atmosphere."
tt0110115;The poster for *Imaginary Crimes* suggests a dramatic and emotional movie style. It features Harvey Keitel prominently, indicating strong character-driven storytelling. The somber tones and close emotional interaction hint at themes of family, struggle, and heartfelt connections. The tagline, Every crime has a victim. Even the ones you imagine implies a focus on moral conflict and personal reflection. Viewers may experience emotions such as empathy, sorrow, or introspection while watching the film. The overall presentation indicates a drama that delves deeply into personal and relational themes.
tt0110116;The poster for *Immortal Beloved* suggests a dramatic and historical film centered on Ludwig van Beethoven, emphasizing themes of genius, passion, and mystery. The opulent theater setting and rich costumes evoke a period atmosphere, while the tagline highlights Beethoven's love story and his enigmatic life. The movie likely elicits emotions such as intrigue, admiration, and melancholy, immersing the audience in a tale blending music, romance, and tension. Featuring Gary Oldman, the film promises a captivating portrayal of Beethoven's legacy and personal struggles, appealing to fans of music-driven, emotionally charged dramas.
tt0110123;"The poster conveys a comedic and satirical military movie style. The tagline Genuinely Funny!"" and exaggerated imagery of tanks helicopters and a massive explosion in the background suggest lighthearted humor and over-the-top scenarios. The protagonist's casual stance with an oversized rifle signals absurdity rather than realism. Emotions a viewer might feel include amusement entertainment and anticipation of humorous possibly ridiculous challenges within a military context. The text ""Sleep tight America!"" suggests a parody of patriotic duty. The overall tone is comedic and intentionally not serious."
tt0110137;"The poster for The Inkwell"" suggests a feel-good summer-themed movie with comedic elements. The tagline ""Summer's Never Been So Much Fun!"" and positive reviews (""Big Laughs!"" - Chicago Sun-Times ""Entertaining!"" - L.A. Weekly) imply it's lighthearted and humorous. The imagery of four people holding hands on a beach during a sunset captures a nostalgic carefree vibe emphasizing friendship leisure and joy. Based on these visual and textual elements viewers might expect emotions like happiness amusement and sentimental warmth while watching the film."
tt0110146;"The poster for Intersection"" suggests a dramatic emotionally intense movie centered around themes of relationships and life choices. The tagline ""Make every move as if it were your last conveys a sense of urgency and the high stakes of decision-making. The dark tones, combined with the fragmented imagery and the road line, evoke feelings of fate, tension, and destiny. Viewers can expect emotional conflict and introspection, potentially leading to feelings of suspense, melancholy, or reflection while watching. The inclusion of stars Richard Gere and Sharon Stone hints at a sophisticated, character-driven narrative."
tt0110148;"The poster for *Interview with the Vampire* suggests a dark, gothic movie style with supernatural and dramatic undertones. The imagery features dim lighting, shadows, and an ornate interior setting, signaling a period drama ambiance. Themes of vampires and immortality are strongly indicated through the title and tagline Drink From Me."" Emotions evoked may include suspense intrigue and fascination with the mysterious and macabre. The cast including Tom Cruise and Brad Pitt promises intense and dramatic performances. The overall tone is brooding and atmospheric aligning with the supernatural and horror genre."""
